field,signal,value,delay
current,Vehicle.CurrentLocation.Latitude,43.40367126464844,0
current,Vehicle.CurrentLocation.Longitude,-80.525383,0
current,Vehicle.CurrentLocation.Altitude,375,0
current,Vehicle.Speed,22.572,0.998
current,Vehicle.CurrentLocation.Latitude,43.403656005859375,0
current,Vehicle.CurrentLocation.Longitude,-80.52547455,0
current,Vehicle.CurrentLocation.Altitude,375,0
current,Vehicle.Speed,28.224,1.001
current,Vehicle.CurrentLocation.Latitude,43.40363311767578,0
current,Vehicle.CurrentLocation.Longitude,-80.52557373,0
current,Vehicle.CurrentLocation.Altitude,375,0
current,Vehicle.Speed,32.796,1.0
current,Vehicle.CurrentLocation.Latitude,43.40361022949219,0
current,Vehicle.CurrentLocation.Longitude,-80.52568817,0
current,Vehicle.CurrentLocation.Altitude,375,0
current,Vehicle.Speed,36.324,1.004
current,Vehicle.CurrentLocation.Latitude,43.40357971191406,0
current,Vehicle.CurrentLocation.Longitude,-80.5258255,0
current,Vehicle.CurrentLocation.Altitude,376,0
current,Vehicle.Speed,40.608,0.996
current,Vehicle.CurrentLocation.Latitude,43.403541564941406,0
current,Vehicle.CurrentLocation.Longitude,-80.5259552,0
current,Vehicle.CurrentLocation.Altitude,376,0
current,Vehicle.Speed,43.956,0.996
current,Vehicle.CurrentLocation.Latitude,43.40348815917969,0
current,Vehicle.CurrentLocation.Longitude,-80.52610016,0
current,Vehicle.CurrentLocation.Altitude,376,0
current,Vehicle.Speed,47.448,1.004
current,Vehicle.CurrentLocation.Latitude,43.403419494628906,0
current,Vehicle.CurrentLocation.Longitude,-80.52622986,0
current,Vehicle.CurrentLocation.Altitude,377,0
current,Vehicle.Speed,49.608,1.0
current,Vehicle.CurrentLocation.Latitude,43.40333557128906,0
current,Vehicle.CurrentLocation.Longitude,-80.52635956,0
current,Vehicle.CurrentLocation.Altitude,377,0
current,Vehicle.Speed,50.76,0.998
current,Vehicle.CurrentLocation.Latitude,43.40323257446289,0
current,Vehicle.CurrentLocation.Longitude,-80.526474,0
current,Vehicle.CurrentLocation.Altitude,378,0
current,Vehicle.Speed,52.38,1.002
current,Vehicle.CurrentLocation.Latitude,43.40312194824219,0
current,Vehicle.CurrentLocation.Longitude,-80.526565535,0
current,Vehicle.CurrentLocation.Altitude,378,0
current,Vehicle.Speed,52.092,1.006
current,Vehicle.CurrentLocation.Latitude,43.40300750732422,0
current,Vehicle.CurrentLocation.Longitude,-80.5266571,0
current,Vehicle.CurrentLocation.Altitude,379,0
current,Vehicle.Speed,50.94,0.993
current,Vehicle.CurrentLocation.Latitude,43.402896881103516,0
current,Vehicle.CurrentLocation.Longitude,-80.5267334,0
current,Vehicle.CurrentLocation.Altitude,379,0
current,Vehicle.Speed,49.536,1.0
current,Vehicle.CurrentLocation.Latitude,43.40278244018555,0
current,Vehicle.CurrentLocation.Longitude,-80.5267868,0
current,Vehicle.CurrentLocation.Altitude,379,0
current,Vehicle.Speed,48.924,1.005
current,Vehicle.CurrentLocation.Latitude,43.40266036987305,0
current,Vehicle.CurrentLocation.Longitude,-80.52682495,0
current,Vehicle.CurrentLocation.Altitude,380,0
current,Vehicle.Speed,49.788,0.995
current,Vehicle.CurrentLocation.Latitude,43.40253448486328,0
current,Vehicle.CurrentLocation.Longitude,-80.52683258,0
current,Vehicle.CurrentLocation.Altitude,381,0
current,Vehicle.Speed,49.86,0.997
current,Vehicle.CurrentLocation.Latitude,43.402408599853516,0
current,Vehicle.CurrentLocation.Longitude,-80.52682495,0
current,Vehicle.CurrentLocation.Altitude,381,0
current,Vehicle.Speed,50.436,1.003
current,Vehicle.CurrentLocation.Latitude,43.402286529541016,0
current,Vehicle.CurrentLocation.Longitude,-80.5267868,0
current,Vehicle.CurrentLocation.Altitude,382,0
current,Vehicle.Speed,51.228,1.004
current,Vehicle.CurrentLocation.Latitude,43.402156829833984,0
current,Vehicle.CurrentLocation.Longitude,-80.52674866,0
current,Vehicle.CurrentLocation.Altitude,382,0
current,Vehicle.Speed,52.416,0.997
current,Vehicle.CurrentLocation.Latitude,43.40202713012695,0
current,Vehicle.CurrentLocation.Longitude,-80.52671051,0
current,Vehicle.CurrentLocation.Altitude,383,0
current,Vehicle.Speed,53.928,1.0
current,Vehicle.CurrentLocation.Latitude,43.40188980102539,0
current,Vehicle.CurrentLocation.Longitude,-80.52667236,0
current,Vehicle.CurrentLocation.Altitude,383,0
current,Vehicle.Speed,55.44,1.002
current,Vehicle.CurrentLocation.Latitude,43.40175247192383,0
current,Vehicle.CurrentLocation.Longitude,-80.52662659,0
current,Vehicle.CurrentLocation.Altitude,384,0
current,Vehicle.Speed,57.06,0.998
current,Vehicle.CurrentLocation.Latitude,43.40161133,0
current,Vehicle.CurrentLocation.Longitude,-80.52658081,0
current,Vehicle.CurrentLocation.Altitude,384,0
current,Vehicle.Speed,58.248,1.0
current,Vehicle.CurrentLocation.Latitude,43.401466369628906,0
current,Vehicle.CurrentLocation.Longitude,-80.52653503,0
current,Vehicle.CurrentLocation.Altitude,384,0
current,Vehicle.Speed,59.364,1.004
current,Vehicle.CurrentLocation.Latitude,43.40132141113281,0
current,Vehicle.CurrentLocation.Longitude,-80.52648163,0
current,Vehicle.CurrentLocation.Altitude,385,0
current,Vehicle.Speed,59.868,0.992
current,Vehicle.CurrentLocation.Latitude,43.40117645263672,0
current,Vehicle.CurrentLocation.Longitude,-80.52643585,0
current,Vehicle.CurrentLocation.Altitude,385,0
current,Vehicle.Speed,59.292,1.0
current,Vehicle.CurrentLocation.Latitude,43.40103530883789,0
current,Vehicle.CurrentLocation.Longitude,-80.52639008,0
current,Vehicle.CurrentLocation.Altitude,386,0
current,Vehicle.Speed,58.104,1.0
current,Vehicle.CurrentLocation.Latitude,43.40089416503906,0
current,Vehicle.CurrentLocation.Longitude,-80.52635193,0
current,Vehicle.CurrentLocation.Altitude,386,0
current,Vehicle.Speed,56.952,1.004
current,Vehicle.CurrentLocation.Latitude,43.40075684,0
current,Vehicle.CurrentLocation.Longitude,-80.52630615,0
current,Vehicle.CurrentLocation.Altitude,386,0
current,Vehicle.Speed,55.944,0.996
current,Vehicle.CurrentLocation.Latitude,43.40061950683594,0
current,Vehicle.CurrentLocation.Longitude,-80.52626038,0
current,Vehicle.CurrentLocation.Altitude,387,0
current,Vehicle.Speed,55.404,1.0
current,Vehicle.CurrentLocation.Latitude,43.400489807128906,0
current,Vehicle.CurrentLocation.Longitude,-80.52622223,0
current,Vehicle.CurrentLocation.Altitude,387,0
current,Vehicle.Speed,53.316,1.002
current,Vehicle.CurrentLocation.Latitude,43.400367736816406,0
current,Vehicle.CurrentLocation.Longitude,-80.52617645,0
current,Vehicle.CurrentLocation.Altitude,388,0
current,Vehicle.Speed,48.852,1.002
current,Vehicle.CurrentLocation.Latitude,43.40026092529297,0
current,Vehicle.CurrentLocation.Longitude,-80.52612305,0
current,Vehicle.CurrentLocation.Altitude,388,0
current,Vehicle.Speed,45.18,0.996
current,Vehicle.CurrentLocation.Latitude,43.40016174316406,0
current,Vehicle.CurrentLocation.Longitude,-80.52604675,0
current,Vehicle.CurrentLocation.Altitude,388,0
current,Vehicle.Speed,43.38,1.017
current,Vehicle.CurrentLocation.Latitude,43.400081634521484,0
current,Vehicle.CurrentLocation.Longitude,-80.5259552,0
current,Vehicle.CurrentLocation.Altitude,388,0
current,Vehicle.Speed,42.264,0.983
current,Vehicle.CurrentLocation.Latitude,43.40000915527344,0
current,Vehicle.CurrentLocation.Longitude,-80.52584839,0
current,Vehicle.CurrentLocation.Altitude,388,0
current,Vehicle.Speed,42.12,1.004
current,Vehicle.CurrentLocation.Latitude,43.39995574951172,0
current,Vehicle.CurrentLocation.Longitude,-80.52573395,0
current,Vehicle.CurrentLocation.Altitude,388,0
current,Vehicle.Speed,41.256,0.996
current,Vehicle.CurrentLocation.Latitude,43.39991760253906,0
current,Vehicle.CurrentLocation.Longitude,-80.52560425,0
current,Vehicle.CurrentLocation.Altitude,388,0
current,Vehicle.Speed,40.248,1.005
current,Vehicle.CurrentLocation.Latitude,43.39988708496094,0
current,Vehicle.CurrentLocation.Longitude,-80.52548218,0
current,Vehicle.CurrentLocation.Altitude,388,0
current,Vehicle.Speed,38.268,1.003
current,Vehicle.CurrentLocation.Latitude,43.39987564086914,0
current,Vehicle.CurrentLocation.Longitude,-80.52536011,0
current,Vehicle.CurrentLocation.Altitude,387,0
current,Vehicle.Speed,32.904,0.996
current,Vehicle.CurrentLocation.Latitude,43.399871826171875,0
current,Vehicle.CurrentLocation.Longitude,-80.52526855,0
current,Vehicle.CurrentLocation.Altitude,387,0
current,Vehicle.Speed,24.372,1.006
current,Vehicle.CurrentLocation.Latitude,43.39989471435547,0
current,Vehicle.CurrentLocation.Longitude,-80.52506256,0
current,Vehicle.CurrentLocation.Altitude,386,0
current,Vehicle.Speed,21.888,0.995
current,Vehicle.CurrentLocation.Latitude,43.39990997314453,0
current,Vehicle.CurrentLocation.Longitude,-80.52497101,0
current,Vehicle.CurrentLocation.Altitude,386,0
current,Vehicle.Speed,30.168,0.996
current,Vehicle.CurrentLocation.Latitude,43.39992904663086,0
current,Vehicle.CurrentLocation.Longitude,-80.52485657,0
current,Vehicle.CurrentLocation.Altitude,385,0
current,Vehicle.Speed,36.324,0.996
current,Vehicle.CurrentLocation.Latitude,43.39995193481445,0
current,Vehicle.CurrentLocation.Longitude,-80.52472687,0
current,Vehicle.CurrentLocation.Altitude,385,0
current,Vehicle.Speed,41.94,1.004
current,Vehicle.CurrentLocation.Latitude,43.39997863769531,0
current,Vehicle.CurrentLocation.Longitude,-80.52457428,0
current,Vehicle.CurrentLocation.Altitude,384,0
current,Vehicle.Speed,45.108,0.996
current,Vehicle.CurrentLocation.Latitude,43.40000534057617,0
current,Vehicle.CurrentLocation.Longitude,-80.52442169,0
current,Vehicle.CurrentLocation.Altitude,383,0
current,Vehicle.Speed,47.376,1.0
current,Vehicle.CurrentLocation.Latitude,43.40003586,0
current,Vehicle.CurrentLocation.Longitude,-80.52425385,0
current,Vehicle.CurrentLocation.Altitude,382,0
current,Vehicle.Speed,49.536,1.0
current,Vehicle.CurrentLocation.Latitude,43.40006637573242,0
current,Vehicle.CurrentLocation.Longitude,-80.524086,0
current,Vehicle.CurrentLocation.Altitude,382,0
current,Vehicle.Speed,51.48,1.004
current,Vehicle.CurrentLocation.Latitude,43.40009689331055,0
current,Vehicle.CurrentLocation.Longitude,-80.52391815,0
current,Vehicle.CurrentLocation.Altitude,381,0
current,Vehicle.Speed,51.876,1.004
current,Vehicle.CurrentLocation.Latitude,43.40012741088867,0
current,Vehicle.CurrentLocation.Longitude,-80.52374268,0
current,Vehicle.CurrentLocation.Altitude,380,0
current,Vehicle.Speed,52.236,0.996
current,Vehicle.CurrentLocation.Latitude,43.40015793,0
current,Vehicle.CurrentLocation.Longitude,-80.5235672,0
current,Vehicle.CurrentLocation.Altitude,379,0
current,Vehicle.Speed,52.272,1.0
current,Vehicle.CurrentLocation.Latitude,43.400184631347656,0
current,Vehicle.CurrentLocation.Longitude,-80.52339935,0
current,Vehicle.CurrentLocation.Altitude,378,0
current,Vehicle.Speed,51.12,0.996
current,Vehicle.CurrentLocation.Latitude,43.40021514892578,0
current,Vehicle.CurrentLocation.Longitude,-80.52323151,0
current,Vehicle.CurrentLocation.Altitude,378,0
current,Vehicle.Speed,47.952,1.0
current,Vehicle.CurrentLocation.Latitude,43.40024185180664,0
current,Vehicle.CurrentLocation.Longitude,-80.52307892,0
current,Vehicle.CurrentLocation.Altitude,377,0
current,Vehicle.Speed,44.424,1.0
current,Vehicle.CurrentLocation.Latitude,43.400264739990234,0
current,Vehicle.CurrentLocation.Longitude,-80.52294159,0
current,Vehicle.CurrentLocation.Altitude,376,0
current,Vehicle.Speed,40.608,1.0
current,Vehicle.CurrentLocation.Latitude,43.40028762817383,0
current,Vehicle.CurrentLocation.Longitude,-80.52281952,0
current,Vehicle.CurrentLocation.Altitude,376,0
current,Vehicle.Speed,35.28,1.0
current,Vehicle.CurrentLocation.Latitude,43.40030288696289,0
current,Vehicle.CurrentLocation.Longitude,-80.52272034,0
current,Vehicle.CurrentLocation.Altitude,375,0
current,Vehicle.Speed,27.72,1.01
current,Vehicle.CurrentLocation.Latitude,43.40028381347656,0
current,Vehicle.CurrentLocation.Longitude,-80.52249146,0
current,Vehicle.CurrentLocation.Altitude,376,0
current,Vehicle.Speed,21.276,1.007
current,Vehicle.CurrentLocation.Latitude,43.40022659301758,0
current,Vehicle.CurrentLocation.Longitude,-80.52245331,0
current,Vehicle.CurrentLocation.Altitude,377,0
current,Vehicle.Speed,27.216,0.993
current,Vehicle.CurrentLocation.Latitude,43.40015411376953,0
current,Vehicle.CurrentLocation.Longitude,-80.52242279,0
current,Vehicle.CurrentLocation.Altitude,378,0
current,Vehicle.Speed,32.436,0.996
current,Vehicle.CurrentLocation.Latitude,43.40006637573242,0
current,Vehicle.CurrentLocation.Longitude,-80.5223999,0
current,Vehicle.CurrentLocation.Altitude,378,0
current,Vehicle.Speed,36.972,1.004
current,Vehicle.CurrentLocation.Latitude,43.39997482299805,0
current,Vehicle.CurrentLocation.Longitude,-80.52237701,0
current,Vehicle.CurrentLocation.Altitude,378,0
current,Vehicle.Speed,38.628,1.0
current,Vehicle.CurrentLocation.Latitude,43.39988327026367,0
current,Vehicle.CurrentLocation.Longitude,-80.5223465,0
current,Vehicle.CurrentLocation.Altitude,379,0
current,Vehicle.Speed,37.044,1.025
current,Vehicle.CurrentLocation.Latitude,43.39979934692383,0
current,Vehicle.CurrentLocation.Longitude,-80.52230835,0
current,Vehicle.CurrentLocation.Altitude,379,0
current,Vehicle.Speed,33.876,0.975
current,Vehicle.CurrentLocation.Latitude,43.39973449707031,0
current,Vehicle.CurrentLocation.Longitude,-80.52226257,0
current,Vehicle.CurrentLocation.Altitude,380,0
current,Vehicle.Speed,29.232,1.004
current,Vehicle.CurrentLocation.Latitude,43.39970397949219,0
current,Vehicle.CurrentLocation.Longitude,-80.52217865,0
current,Vehicle.CurrentLocation.Altitude,380,0
current,Vehicle.Speed,27.504,0.996
current,Vehicle.CurrentLocation.Latitude,43.39970016479492,0
current,Vehicle.CurrentLocation.Longitude,-80.52207947,0
current,Vehicle.CurrentLocation.Altitude,380,0
current,Vehicle.Speed,27.792,1.0
current,Vehicle.CurrentLocation.Latitude,43.39971923828125,0
current,Vehicle.CurrentLocation.Longitude,-80.52198792,0
current,Vehicle.CurrentLocation.Altitude,379,0
current,Vehicle.Speed,29.052,1.0
current,Vehicle.CurrentLocation.Latitude,43.39973449707031,0
current,Vehicle.CurrentLocation.Longitude,-80.52188873,0
current,Vehicle.CurrentLocation.Altitude,379,0
current,Vehicle.Speed,30.312,1.0
current,Vehicle.CurrentLocation.Latitude,43.399742126464844,0
current,Vehicle.CurrentLocation.Longitude,-80.52178955,0
current,Vehicle.CurrentLocation.Altitude,379,0
current,Vehicle.Speed,28.152,0.996
current,Vehicle.CurrentLocation.Latitude,43.39974594116211,0
current,Vehicle.CurrentLocation.Longitude,-80.52170563,0
current,Vehicle.CurrentLocation.Altitude,379,0
current,Vehicle.Speed,23.796,1.0
current,Vehicle.CurrentLocation.Latitude,43.39980697631836,0
current,Vehicle.CurrentLocation.Longitude,-80.52142334,0
current,Vehicle.CurrentLocation.Altitude,377,0
current,Vehicle.Speed,22.752,1.006
current,Vehicle.CurrentLocation.Latitude,43.399845123291016,0
current,Vehicle.CurrentLocation.Longitude,-80.52135468,0
current,Vehicle.CurrentLocation.Altitude,377,0
current,Vehicle.Speed,23.796,0.998
current,Vehicle.CurrentLocation.Latitude,43.39990234,0
current,Vehicle.CurrentLocation.Longitude,-80.52132416,0
current,Vehicle.CurrentLocation.Altitude,377,0
current,Vehicle.Speed,25.632,0.996
current,Vehicle.CurrentLocation.Latitude,43.399967193603516,0
current,Vehicle.CurrentLocation.Longitude,-80.52132416,0
current,Vehicle.CurrentLocation.Altitude,377,0
current,Vehicle.Speed,28.584,1.004
current,Vehicle.CurrentLocation.Latitude,43.40004348754883,0
current,Vehicle.CurrentLocation.Longitude,-80.52134705,0
current,Vehicle.CurrentLocation.Altitude,376,0
current,Vehicle.Speed,31.716,0.996
current,Vehicle.CurrentLocation.Latitude,43.400123596191406,0
current,Vehicle.CurrentLocation.Longitude,-80.52135468,0
current,Vehicle.CurrentLocation.Altitude,376,0
current,Vehicle.Speed,33.876,1.0
current,Vehicle.CurrentLocation.Latitude,43.40021514892578,0
current,Vehicle.CurrentLocation.Longitude,-80.52136993,0
current,Vehicle.CurrentLocation.Altitude,376,0
current,Vehicle.Speed,35.496,1.008
current,Vehicle.CurrentLocation.Latitude,43.40030288696289,0
current,Vehicle.CurrentLocation.Longitude,-80.52139282,0
current,Vehicle.CurrentLocation.Altitude,375,0
current,Vehicle.Speed,37.332,0.996
current,Vehicle.CurrentLocation.Latitude,43.40039063,0
current,Vehicle.CurrentLocation.Longitude,-80.52142334,0
current,Vehicle.CurrentLocation.Altitude,375,0
current,Vehicle.Speed,35.352,1.027
current,Vehicle.CurrentLocation.Latitude,43.40046310424805,0
current,Vehicle.CurrentLocation.Longitude,-80.5214386,0
current,Vehicle.CurrentLocation.Altitude,375,0
current,Vehicle.Speed,28.224,0.98
current,Vehicle.CurrentLocation.Latitude,43.40067672729492,0
current,Vehicle.CurrentLocation.Longitude,-80.52152252,0
current,Vehicle.CurrentLocation.Altitude,374,0
current,Vehicle.Speed,24.516,0.993
current,Vehicle.CurrentLocation.Latitude,43.40074539,0
current,Vehicle.CurrentLocation.Longitude,-80.52153015,0
current,Vehicle.CurrentLocation.Altitude,373,0
current,Vehicle.Speed,30.132,1.0
current,Vehicle.CurrentLocation.Latitude,43.40083312988281,0
current,Vehicle.CurrentLocation.Longitude,-80.52150726,0
current,Vehicle.CurrentLocation.Altitude,373,0
current,Vehicle.Speed,35.46,0.996
current,Vehicle.CurrentLocation.Latitude,43.40092468261719,0
current,Vehicle.CurrentLocation.Longitude,-80.52147675,0
current,Vehicle.CurrentLocation.Altitude,372,0
current,Vehicle.Speed,39.564,1.0
current,Vehicle.CurrentLocation.Latitude,43.401023864746094,0
current,Vehicle.CurrentLocation.Longitude,-80.52143097,0
current,Vehicle.CurrentLocation.Altitude,372,0
current,Vehicle.Speed,43.56,1.0
current,Vehicle.CurrentLocation.Latitude,43.40113449,0
current,Vehicle.CurrentLocation.Longitude,-80.52138519,0
current,Vehicle.CurrentLocation.Altitude,371,0
current,Vehicle.Speed,46.584,1.0
current,Vehicle.CurrentLocation.Latitude,43.40124512,0
current,Vehicle.CurrentLocation.Longitude,-80.52132416,0
current,Vehicle.CurrentLocation.Altitude,370,0
current,Vehicle.Speed,47.376,1.0
current,Vehicle.CurrentLocation.Latitude,43.40135192871094,0
current,Vehicle.CurrentLocation.Longitude,-80.52127075,0
current,Vehicle.CurrentLocation.Altitude,370,0
current,Vehicle.Speed,46.872,1.001
current,Vehicle.CurrentLocation.Latitude,43.401466369628906,0
current,Vehicle.CurrentLocation.Longitude,-80.52122498,0
current,Vehicle.CurrentLocation.Altitude,369,0
current,Vehicle.Speed,45.864,1.003
current,Vehicle.CurrentLocation.Latitude,43.40156936645508,0
current,Vehicle.CurrentLocation.Longitude,-80.5211792,0
current,Vehicle.CurrentLocation.Altitude,369,0
current,Vehicle.Speed,44.244,1.004
current,Vehicle.CurrentLocation.Latitude,43.40167236328125,0
current,Vehicle.CurrentLocation.Longitude,-80.52114105,0
current,Vehicle.CurrentLocation.Altitude,368,0
current,Vehicle.Speed,41.148,0.992
current,Vehicle.CurrentLocation.Latitude,43.40176773071289,0
current,Vehicle.CurrentLocation.Longitude,-80.52111816,0
current,Vehicle.CurrentLocation.Altitude,367,0
current,Vehicle.Speed,35.964,1.004
current,Vehicle.CurrentLocation.Latitude,43.40184783935547,0
current,Vehicle.CurrentLocation.Longitude,-80.52113342,0
current,Vehicle.CurrentLocation.Altitude,367,0
current,Vehicle.Speed,33.372,1.0
current,Vehicle.CurrentLocation.Latitude,43.40192413330078,0
current,Vehicle.CurrentLocation.Longitude,-80.52118683,0
current,Vehicle.CurrentLocation.Altitude,366,0
current,Vehicle.Speed,33.516,0.996
current,Vehicle.CurrentLocation.Latitude,43.401981353759766,0
current,Vehicle.CurrentLocation.Longitude,-80.52125549,0
current,Vehicle.CurrentLocation.Altitude,366,0
current,Vehicle.Speed,30.132,1.004
current,Vehicle.CurrentLocation.Latitude,43.40202331542969,0
current,Vehicle.CurrentLocation.Longitude,-80.52131653,0
current,Vehicle.CurrentLocation.Altitude,365,0
current,Vehicle.Speed,23.436,1.0
current,Vehicle.CurrentLocation.Latitude,43.40213394165039,0
current,Vehicle.CurrentLocation.Longitude,-80.52154541,0
current,Vehicle.CurrentLocation.Altitude,365,0
current,Vehicle.Speed,22.968,0.989
current,Vehicle.CurrentLocation.Latitude,43.40216827392578,0
current,Vehicle.CurrentLocation.Longitude,-80.52162933,0
current,Vehicle.CurrentLocation.Altitude,365,0
current,Vehicle.Speed,28.908,1.004
current,Vehicle.CurrentLocation.Latitude,43.40221024,0
current,Vehicle.CurrentLocation.Longitude,-80.52171326,0
current,Vehicle.CurrentLocation.Altitude,365,0
current,Vehicle.Speed,32.22,1.0
current,Vehicle.CurrentLocation.Latitude,43.40225601196289,0
current,Vehicle.CurrentLocation.Longitude,-80.52179718,0
current,Vehicle.CurrentLocation.Altitude,365,0
current,Vehicle.Speed,29.124,1.009
current,Vehicle.CurrentLocation.Latitude,43.40243148803711,0
current,Vehicle.CurrentLocation.Longitude,-80.52194977,0
current,Vehicle.CurrentLocation.Altitude,364,0
current,Vehicle.Speed,26.244,0.991
current,Vehicle.CurrentLocation.Latitude,43.402503967285156,0
current,Vehicle.CurrentLocation.Longitude,-80.52191925,0
current,Vehicle.CurrentLocation.Altitude,364,0
current,Vehicle.Speed,29.952,1.0
current,Vehicle.CurrentLocation.Latitude,43.402584075927734,0
current,Vehicle.CurrentLocation.Longitude,-80.52188873,0
current,Vehicle.CurrentLocation.Altitude,363,0
current,Vehicle.Speed,35.388,0.996
current,Vehicle.CurrentLocation.Latitude,43.40267562866211,0
current,Vehicle.CurrentLocation.Longitude,-80.52185822,0
current,Vehicle.CurrentLocation.Altitude,363,0
current,Vehicle.Speed,39.924,1.0
current,Vehicle.CurrentLocation.Latitude,43.40278244018555,0
current,Vehicle.CurrentLocation.Longitude,-80.5218277,0
current,Vehicle.CurrentLocation.Altitude,362,0
current,Vehicle.Speed,44.172,1.0
current,Vehicle.CurrentLocation.Latitude,43.40289306640625,0
current,Vehicle.CurrentLocation.Longitude,-80.52178955,0
current,Vehicle.CurrentLocation.Altitude,361,0
current,Vehicle.Speed,46.116,1.0
current,Vehicle.CurrentLocation.Latitude,43.40300369262695,0
current,Vehicle.CurrentLocation.Longitude,-80.52175903,0
current,Vehicle.CurrentLocation.Altitude,361,0
current,Vehicle.Speed,46.332,1.008
current,Vehicle.CurrentLocation.Latitude,43.40311813354492,0
current,Vehicle.CurrentLocation.Longitude,-80.52172089,0
current,Vehicle.CurrentLocation.Altitude,360,0
current,Vehicle.Speed,45.684,0.992
current,Vehicle.CurrentLocation.Latitude,43.403221130371094,0
current,Vehicle.CurrentLocation.Longitude,-80.52166748,0
current,Vehicle.CurrentLocation.Altitude,359,0
current,Vehicle.Speed,45.612,1.005
current,Vehicle.CurrentLocation.Latitude,43.403316497802734,0
current,Vehicle.CurrentLocation.Longitude,-80.52159882,0
current,Vehicle.CurrentLocation.Altitude,359,0
current,Vehicle.Speed,43.02,0.999
current,Vehicle.CurrentLocation.Latitude,43.40340042114258,0
current,Vehicle.CurrentLocation.Longitude,-80.52152252,0
current,Vehicle.CurrentLocation.Altitude,358,0
current,Vehicle.Speed,38.484,1.0
current,Vehicle.CurrentLocation.Latitude,43.403480529785156,0
current,Vehicle.CurrentLocation.Longitude,-80.52146912,0
current,Vehicle.CurrentLocation.Altitude,358,0
current,Vehicle.Speed,35.064,0.996
current,Vehicle.CurrentLocation.Latitude,43.40356445,0
current,Vehicle.CurrentLocation.Longitude,-80.52144623,0
current,Vehicle.CurrentLocation.Altitude,358,0
current,Vehicle.Speed,32.832,1.004
current,Vehicle.CurrentLocation.Latitude,43.40363693237305,0
current,Vehicle.CurrentLocation.Longitude,-80.52145386,0
current,Vehicle.CurrentLocation.Altitude,358,0
current,Vehicle.Speed,27.864,1.009
current,Vehicle.CurrentLocation.Latitude,43.40369415283203,0
current,Vehicle.CurrentLocation.Longitude,-80.52146912,0
current,Vehicle.CurrentLocation.Altitude,358,0
current,Vehicle.Speed,22.392,0.987
current,Vehicle.CurrentLocation.Latitude,43.40375518798828,0
current,Vehicle.CurrentLocation.Longitude,-80.5217514,0
current,Vehicle.CurrentLocation.Altitude,359,0
current,Vehicle.Speed,20.844,0.996
current,Vehicle.CurrentLocation.Latitude,43.403717041015625,0
current,Vehicle.CurrentLocation.Longitude,-80.52170563,0
current,Vehicle.CurrentLocation.Altitude,359,0
current,Vehicle.Speed,21.744,1.0
current,Vehicle.CurrentLocation.Latitude,43.40369415283203,0
current,Vehicle.CurrentLocation.Longitude,-80.52162933,0
current,Vehicle.CurrentLocation.Altitude,358,0
current,Vehicle.Speed,22.824,1.007
current,Vehicle.CurrentLocation.Latitude,43.40367126464844,0
current,Vehicle.CurrentLocation.Longitude,-80.5215683,0
current,Vehicle.CurrentLocation.Altitude,358,0
current,Vehicle.Speed,20.412,0.997
current,Vehicle.CurrentLocation.Latitude,43.403594970703125,0
current,Vehicle.CurrentLocation.Longitude,-80.5213623,0
current,Vehicle.CurrentLocation.Altitude,358,0
current,Vehicle.Speed,22.104,0.997
current,Vehicle.CurrentLocation.Latitude,43.40361022949219,0
current,Vehicle.CurrentLocation.Longitude,-80.52127838,0
current,Vehicle.CurrentLocation.Altitude,358,0
current,Vehicle.Speed,26.388,1.0
current,Vehicle.CurrentLocation.Latitude,43.40363693237305,0
current,Vehicle.CurrentLocation.Longitude,-80.52118683,0
current,Vehicle.CurrentLocation.Altitude,358,0
current,Vehicle.Speed,29.844,0.996
current,Vehicle.CurrentLocation.Latitude,43.403663635253906,0
current,Vehicle.CurrentLocation.Longitude,-80.52108002,0
current,Vehicle.CurrentLocation.Altitude,358,0
current,Vehicle.Speed,33.48,1.01
current,Vehicle.CurrentLocation.Latitude,43.40369415283203,0
current,Vehicle.CurrentLocation.Longitude,-80.52096558,0
current,Vehicle.CurrentLocation.Altitude,358,0
current,Vehicle.Speed,34.704,0.994
current,Vehicle.CurrentLocation.Latitude,43.403717041015625,0
current,Vehicle.CurrentLocation.Longitude,-80.52085876,0
current,Vehicle.CurrentLocation.Altitude,358,0
current,Vehicle.Speed,31.932,1.0
current,Vehicle.CurrentLocation.Latitude,43.40373611450195,0
current,Vehicle.CurrentLocation.Longitude,-80.52076721,0
current,Vehicle.CurrentLocation.Altitude,358,0
current,Vehicle.Speed,26.316,1.0
current,Vehicle.CurrentLocation.Latitude,43.403751373291016,0
current,Vehicle.CurrentLocation.Longitude,-80.52068329,0
current,Vehicle.CurrentLocation.Altitude,358,0
current,Vehicle.Speed,24.228,1.001
current,Vehicle.CurrentLocation.Latitude,43.40375900268555,0
current,Vehicle.CurrentLocation.Longitude,-80.52060699,0
current,Vehicle.CurrentLocation.Altitude,358,0
current,Vehicle.Speed,22.248,0.998
current,Vehicle.CurrentLocation.Latitude,43.40369415283203,0
current,Vehicle.CurrentLocation.Longitude,-80.52031708,0
current,Vehicle.CurrentLocation.Altitude,359,0
current,Vehicle.Speed,21.816,0.996
current,Vehicle.CurrentLocation.Latitude,43.40363311767578,0
current,Vehicle.CurrentLocation.Longitude,-80.52029419,0
current,Vehicle.CurrentLocation.Altitude,359,0
current,Vehicle.Speed,25.812,1.0
current,Vehicle.CurrentLocation.Latitude,43.40356445,0
current,Vehicle.CurrentLocation.Longitude,-80.5202713,0
current,Vehicle.CurrentLocation.Altitude,359,0
current,Vehicle.Speed,28.296,1.0
current,Vehicle.CurrentLocation.Latitude,43.40349578857422,0
current,Vehicle.CurrentLocation.Longitude,-80.52023315,0
current,Vehicle.CurrentLocation.Altitude,360,0
current,Vehicle.Speed,30.996,1.001
current,Vehicle.CurrentLocation.Latitude,43.40342712402344,0
current,Vehicle.CurrentLocation.Longitude,-80.52018738,0
current,Vehicle.CurrentLocation.Altitude,360,0
current,Vehicle.Speed,29.808,1.003
current,Vehicle.CurrentLocation.Latitude,43.40336608886719,0
current,Vehicle.CurrentLocation.Longitude,-80.5201416,0
current,Vehicle.CurrentLocation.Altitude,360,0
current,Vehicle.Speed,25.92,0.999
current,Vehicle.CurrentLocation.Latitude,43.403316497802734,0
current,Vehicle.CurrentLocation.Longitude,-80.5200882,0
current,Vehicle.CurrentLocation.Altitude,360,0
current,Vehicle.Speed,23.724,1.007
current,Vehicle.CurrentLocation.Latitude,43.40315246582031,0
current,Vehicle.CurrentLocation.Longitude,-80.51986694,0
current,Vehicle.CurrentLocation.Altitude,361,0
current,Vehicle.Speed,25.38,1.0
current,Vehicle.CurrentLocation.Latitude,43.40309524536133,0
current,Vehicle.CurrentLocation.Longitude,-80.51980591,0
current,Vehicle.CurrentLocation.Altitude,361,0
current,Vehicle.Speed,29.052,1.0
current,Vehicle.CurrentLocation.Latitude,43.403038024902344,0
current,Vehicle.CurrentLocation.Longitude,-80.51973724,0
current,Vehicle.CurrentLocation.Altitude,361,0
current,Vehicle.Speed,32.76,0.999
current,Vehicle.CurrentLocation.Latitude,43.402931213378906,0
current,Vehicle.CurrentLocation.Longitude,-80.51954651,0
current,Vehicle.CurrentLocation.Altitude,361,0
current,Vehicle.Speed,35.856,1.001
current,Vehicle.CurrentLocation.Latitude,43.402889251708984,0
current,Vehicle.CurrentLocation.Longitude,-80.5194397,0
current,Vehicle.CurrentLocation.Altitude,361,0
current,Vehicle.Speed,37.8,0.997
current,Vehicle.CurrentLocation.Latitude,43.40285110473633,0
current,Vehicle.CurrentLocation.Longitude,-80.51931,0
current,Vehicle.CurrentLocation.Altitude,360,0
current,Vehicle.Speed,40.176,1.003
current,Vehicle.CurrentLocation.Latitude,43.40281677246094,0
current,Vehicle.CurrentLocation.Longitude,-80.51917267,0
current,Vehicle.CurrentLocation.Altitude,360,0
current,Vehicle.Speed,41.472,0.997
current,Vehicle.CurrentLocation.Latitude,43.40278244018555,0
current,Vehicle.CurrentLocation.Longitude,-80.51904297,0
current,Vehicle.CurrentLocation.Altitude,360,0
current,Vehicle.Speed,40.716,2.009
current,Vehicle.CurrentLocation.Latitude,43.402732849121094,0
current,Vehicle.CurrentLocation.Longitude,-80.51879883,0
current,Vehicle.CurrentLocation.Altitude,360,0
current,Vehicle.Speed,34.488,0.994
current,Vehicle.CurrentLocation.Latitude,43.40272141,0
current,Vehicle.CurrentLocation.Longitude,-80.51868439,0
current,Vehicle.CurrentLocation.Altitude,360,0
current,Vehicle.Speed,29.592,0.997
current,Vehicle.CurrentLocation.Latitude,43.40271759033203,0
current,Vehicle.CurrentLocation.Longitude,-80.51860809,0
current,Vehicle.CurrentLocation.Altitude,360,0
current,Vehicle.Speed,24.012,2.01
current,Vehicle.CurrentLocation.Latitude,43.40275192260742,0
current,Vehicle.CurrentLocation.Longitude,-80.51821899,0
current,Vehicle.CurrentLocation.Altitude,361,0
current,Vehicle.Speed,25.848,0.997
current,Vehicle.CurrentLocation.Latitude,43.40276336669922,0
current,Vehicle.CurrentLocation.Longitude,-80.51812744,0
current,Vehicle.CurrentLocation.Altitude,361,0
current,Vehicle.Speed,26.244,1.004
current,Vehicle.CurrentLocation.Latitude,43.40276336669922,0
current,Vehicle.CurrentLocation.Longitude,-80.51812744,0
current,Vehicle.CurrentLocation.Altitude,361,0
current,Vehicle.Speed,26.244,0.996
current,Vehicle.CurrentLocation.Latitude,43.40276336669922,0
current,Vehicle.CurrentLocation.Longitude,-80.51797485,0
current,Vehicle.CurrentLocation.Altitude,361,0
current,Vehicle.Speed,21.96,1.0
current,Vehicle.CurrentLocation.Latitude,43.40272521972656,0
current,Vehicle.CurrentLocation.Longitude,-80.51791382,0
current,Vehicle.CurrentLocation.Altitude,361,0
current,Vehicle.Speed,23.544,1.0
current,Vehicle.CurrentLocation.Latitude,43.40266799926758,0
current,Vehicle.CurrentLocation.Longitude,-80.51787567,0
current,Vehicle.CurrentLocation.Altitude,361,0
current,Vehicle.Speed,26.388,1.006
current,Vehicle.CurrentLocation.Latitude,43.40259933,0
current,Vehicle.CurrentLocation.Longitude,-80.51785278,0
current,Vehicle.CurrentLocation.Altitude,361,0
current,Vehicle.Speed,31.032,0.998
current,Vehicle.CurrentLocation.Latitude,43.40259933,0
current,Vehicle.CurrentLocation.Longitude,-80.51785278,0
current,Vehicle.CurrentLocation.Altitude,361,0
current,Vehicle.Speed,31.032,1.002
current,Vehicle.CurrentLocation.Latitude,43.40243148803711,0
current,Vehicle.CurrentLocation.Longitude,-80.51779175,0
current,Vehicle.CurrentLocation.Altitude,362,0
current,Vehicle.Speed,36.324,0.999
current,Vehicle.CurrentLocation.Latitude,43.40243148803711,0
current,Vehicle.CurrentLocation.Longitude,-80.51779175,0
current,Vehicle.CurrentLocation.Altitude,362,0
current,Vehicle.Speed,36.324,0.999
current,Vehicle.CurrentLocation.Latitude,43.40234375,0
current,Vehicle.CurrentLocation.Longitude,-80.5177536,0
current,Vehicle.CurrentLocation.Altitude,362,0
current,Vehicle.Speed,38.16,0.996
current,Vehicle.CurrentLocation.Latitude,43.402244567871094,0
current,Vehicle.CurrentLocation.Longitude,-80.51772308,0
current,Vehicle.CurrentLocation.Altitude,363,0
current,Vehicle.Speed,38.844,1.0
current,Vehicle.CurrentLocation.Latitude,43.40206527709961,0
current,Vehicle.CurrentLocation.Longitude,-80.51769257,0
current,Vehicle.CurrentLocation.Altitude,364,0
current,Vehicle.Speed,35.46,1.0
current,Vehicle.CurrentLocation.Latitude,43.40206527709961,0
current,Vehicle.CurrentLocation.Longitude,-80.51769257,0
current,Vehicle.CurrentLocation.Altitude,364,0
current,Vehicle.Speed,35.46,1.0
current,Vehicle.CurrentLocation.Latitude,43.40197754,0
current,Vehicle.CurrentLocation.Longitude,-80.51769257,0
current,Vehicle.CurrentLocation.Altitude,364,0
current,Vehicle.Speed,33.876,1.0
current,Vehicle.CurrentLocation.Latitude,43.401893615722656,0
current,Vehicle.CurrentLocation.Longitude,-80.5177002,0
current,Vehicle.CurrentLocation.Altitude,364,0
current,Vehicle.Speed,33.3,1.003
current,Vehicle.CurrentLocation.Latitude,43.40182113647461,0
current,Vehicle.CurrentLocation.Longitude,-80.51773834,0
current,Vehicle.CurrentLocation.Altitude,365,0
current,Vehicle.Speed,32.4,1.001
current,Vehicle.CurrentLocation.Latitude,43.40176010131836,0
current,Vehicle.CurrentLocation.Longitude,-80.51779938,0
current,Vehicle.CurrentLocation.Altitude,365,0
current,Vehicle.Speed,27.972,1.002
current,Vehicle.CurrentLocation.Latitude,43.401710510253906,0
current,Vehicle.CurrentLocation.Longitude,-80.51783752,0
current,Vehicle.CurrentLocation.Altitude,365,0
current,Vehicle.Speed,22.32,0.994
current,Vehicle.CurrentLocation.Latitude,43.401493072509766,0
current,Vehicle.CurrentLocation.Longitude,-80.51797485,0
current,Vehicle.CurrentLocation.Altitude,364,0
current,Vehicle.Speed,26.676,1.0
current,Vehicle.CurrentLocation.Latitude,43.40142059326172,0
current,Vehicle.CurrentLocation.Longitude,-80.518013,0
current,Vehicle.CurrentLocation.Altitude,364,0
current,Vehicle.Speed,31.608,1.0
current,Vehicle.CurrentLocation.Latitude,43.401344299316406,0
current,Vehicle.CurrentLocation.Longitude,-80.51805115,0
current,Vehicle.CurrentLocation.Altitude,364,0
current,Vehicle.Speed,34.56,1.0
current,Vehicle.CurrentLocation.Latitude,43.40126037597656,0
current,Vehicle.CurrentLocation.Longitude,-80.51810455,0
current,Vehicle.CurrentLocation.Altitude,364,0
current,Vehicle.Speed,37.98,1.004
current,Vehicle.CurrentLocation.Latitude,43.40126037597656,0
current,Vehicle.CurrentLocation.Longitude,-80.51810455,0
current,Vehicle.CurrentLocation.Altitude,364,0
current,Vehicle.Speed,37.98,1.003
current,Vehicle.CurrentLocation.Latitude,43.40107727050781,0
current,Vehicle.CurrentLocation.Longitude,-80.51821899,0
current,Vehicle.CurrentLocation.Altitude,364,0
current,Vehicle.Speed,40.248,0.996
current,Vehicle.CurrentLocation.Latitude,43.40098190307617,0
current,Vehicle.CurrentLocation.Longitude,-80.5182724,0
current,Vehicle.CurrentLocation.Altitude,365,0
current,Vehicle.Speed,40.284,1.004
current,Vehicle.CurrentLocation.Latitude,43.40088653564453,0
current,Vehicle.CurrentLocation.Longitude,-80.51831818,0
current,Vehicle.CurrentLocation.Altitude,365,0
current,Vehicle.Speed,41.04,0.995
current,Vehicle.CurrentLocation.Latitude,43.400787353515625,0
current,Vehicle.CurrentLocation.Longitude,-80.51835632,0
current,Vehicle.CurrentLocation.Altitude,365,0
current,Vehicle.Speed,42.3,1.001
current,Vehicle.CurrentLocation.Latitude,43.40068435668945,0
current,Vehicle.CurrentLocation.Longitude,-80.51838684,0
current,Vehicle.CurrentLocation.Altitude,365,0
current,Vehicle.Speed,42.12,0.997
current,Vehicle.CurrentLocation.Latitude,43.40068435668945,0
current,Vehicle.CurrentLocation.Longitude,-80.51838684,0
current,Vehicle.CurrentLocation.Altitude,365,0
current,Vehicle.Speed,42.12,1.004
current,Vehicle.CurrentLocation.Latitude,43.400577545166016,0
current,Vehicle.CurrentLocation.Longitude,-80.51840973,0
current,Vehicle.CurrentLocation.Altitude,365,0
current,Vehicle.Speed,40.968,1.0
current,Vehicle.CurrentLocation.Latitude,43.40048599243164,0
current,Vehicle.CurrentLocation.Longitude,-80.51840973,0
current,Vehicle.CurrentLocation.Altitude,366,0
current,Vehicle.Speed,36.864,1.009
current,Vehicle.CurrentLocation.Latitude,43.40040207,0
current,Vehicle.CurrentLocation.Longitude,-80.51841736,0
current,Vehicle.CurrentLocation.Altitude,366,0
current,Vehicle.Speed,30.132,1.0
current,Vehicle.CurrentLocation.Latitude,43.40034484863281,0
current,Vehicle.CurrentLocation.Longitude,-80.51841736,0
current,Vehicle.CurrentLocation.Altitude,365,0
current,Vehicle.Speed,21.492,0.997
current,Vehicle.CurrentLocation.Latitude,43.40019989013672,0
current,Vehicle.CurrentLocation.Longitude,-80.51831818,0
current,Vehicle.CurrentLocation.Altitude,366,0
current,Vehicle.Speed,23.58,1.004
current,Vehicle.CurrentLocation.Latitude,43.40019989013672,0
current,Vehicle.CurrentLocation.Longitude,-80.51831818,0
current,Vehicle.CurrentLocation.Altitude,366,0
current,Vehicle.Speed,23.58,1.001
current,Vehicle.CurrentLocation.Latitude,43.400184631347656,0
current,Vehicle.CurrentLocation.Longitude,-80.51822662,0
current,Vehicle.CurrentLocation.Altitude,366,0
current,Vehicle.Speed,27.504,1.002
current,Vehicle.CurrentLocation.Latitude,43.40019989013672,0
current,Vehicle.CurrentLocation.Longitude,-80.518013,0
current,Vehicle.CurrentLocation.Altitude,366,0
current,Vehicle.Speed,35.028,1.023
current,Vehicle.CurrentLocation.Latitude,43.400211334228516,0
current,Vehicle.CurrentLocation.Longitude,-80.5178833,0
current,Vehicle.CurrentLocation.Altitude,366,0
current,Vehicle.Speed,37.044,0.97
current,Vehicle.CurrentLocation.Latitude,43.40021896362305,0
current,Vehicle.CurrentLocation.Longitude,-80.5177536,0
current,Vehicle.CurrentLocation.Altitude,366,0
current,Vehicle.Speed,37.692,2.001
current,Vehicle.CurrentLocation.Latitude,43.400230407714844,0
current,Vehicle.CurrentLocation.Longitude,-80.5176239,0
current,Vehicle.CurrentLocation.Altitude,366,0
current,Vehicle.Speed,37.152,1.003
current,Vehicle.CurrentLocation.Latitude,43.40024185180664,0
current,Vehicle.CurrentLocation.Longitude,-80.51750183,0
current,Vehicle.CurrentLocation.Altitude,366,0
current,Vehicle.Speed,35.46,0.999
current,Vehicle.CurrentLocation.Latitude,43.40024185180664,0
current,Vehicle.CurrentLocation.Longitude,-80.51727295,0
current,Vehicle.CurrentLocation.Altitude,365,0
current,Vehicle.Speed,33.192,1.0
current,Vehicle.CurrentLocation.Latitude,43.400245666503906,0
current,Vehicle.CurrentLocation.Longitude,-80.51715088,0
current,Vehicle.CurrentLocation.Altitude,365,0
current,Vehicle.Speed,34.236,0.997
current,Vehicle.CurrentLocation.Latitude,43.40025711,0
current,Vehicle.CurrentLocation.Longitude,-80.51702881,0
current,Vehicle.CurrentLocation.Altitude,365,0
current,Vehicle.Speed,35.964,1.004
current,Vehicle.CurrentLocation.Latitude,43.40025711,0
current,Vehicle.CurrentLocation.Longitude,-80.51702881,0
current,Vehicle.CurrentLocation.Altitude,365,0
current,Vehicle.Speed,35.964,1.003
current,Vehicle.CurrentLocation.Latitude,43.400264739990234,0
current,Vehicle.CurrentLocation.Longitude,-80.51690674,0
current,Vehicle.CurrentLocation.Altitude,365,0
current,Vehicle.Speed,37.008,0.995
current,Vehicle.CurrentLocation.Latitude,43.40028762817383,0
current,Vehicle.CurrentLocation.Longitude,-80.5166626,0
current,Vehicle.CurrentLocation.Altitude,364,0
current,Vehicle.Speed,34.812,1.001
current,Vehicle.CurrentLocation.Latitude,43.40028762817383,0
current,Vehicle.CurrentLocation.Longitude,-80.5166626,0
current,Vehicle.CurrentLocation.Altitude,364,0
current,Vehicle.Speed,34.812,1.0
current,Vehicle.CurrentLocation.Latitude,43.400299072265625,0
current,Vehicle.CurrentLocation.Longitude,-80.5164566,0
current,Vehicle.CurrentLocation.Altitude,363,0
current,Vehicle.Speed,26.496,0.997
current,Vehicle.CurrentLocation.Latitude,43.40030288696289,0
current,Vehicle.CurrentLocation.Longitude,-80.51638031,0
current,Vehicle.CurrentLocation.Altitude,363,0
current,Vehicle.Speed,21.384,1.0
current,Vehicle.CurrentLocation.Latitude,43.40031433105469,0
current,Vehicle.CurrentLocation.Longitude,-80.51610565,0
current,Vehicle.CurrentLocation.Altitude,363,0
current,Vehicle.Speed,24.444,0.996
current,Vehicle.CurrentLocation.Latitude,43.400299072265625,0
current,Vehicle.CurrentLocation.Longitude,-80.5160141,0
current,Vehicle.CurrentLocation.Altitude,363,0
current,Vehicle.Speed,28.656,1.003
current,Vehicle.CurrentLocation.Latitude,43.40023422241211,0
current,Vehicle.CurrentLocation.Longitude,-80.51583862,0
current,Vehicle.CurrentLocation.Altitude,363,0
current,Vehicle.Speed,26.604,0.996
current,Vehicle.CurrentLocation.Latitude,43.40023422241211,0
current,Vehicle.CurrentLocation.Longitude,-80.51583862,0
current,Vehicle.CurrentLocation.Altitude,363,0
current,Vehicle.Speed,26.604,1.005
current,Vehicle.CurrentLocation.Latitude,43.400184631347656,0
current,Vehicle.CurrentLocation.Longitude,-80.51578522,0
current,Vehicle.CurrentLocation.Altitude,363,0
current,Vehicle.Speed,24.84,1.003
current,Vehicle.CurrentLocation.Latitude,43.40013122558594,0
current,Vehicle.CurrentLocation.Longitude,-80.51576996,0
current,Vehicle.CurrentLocation.Altitude,363,0
current,Vehicle.Speed,23.22,0.997
current,Vehicle.CurrentLocation.Latitude,43.40007400512695,0
current,Vehicle.CurrentLocation.Longitude,-80.5157547,0
current,Vehicle.CurrentLocation.Altitude,363,0
current,Vehicle.Speed,23.148,0.995
current,Vehicle.CurrentLocation.Latitude,43.400028228759766,0
current,Vehicle.CurrentLocation.Longitude,-80.51571655,0
current,Vehicle.CurrentLocation.Altitude,363,0
current,Vehicle.Speed,21.024,1.004
current,Vehicle.CurrentLocation.Latitude,43.40002441,0
current,Vehicle.CurrentLocation.Longitude,-80.51554871,0
current,Vehicle.CurrentLocation.Altitude,363,0
current,Vehicle.Speed,20.088,0.999
current,Vehicle.CurrentLocation.Latitude,43.40007019042969,0
current,Vehicle.CurrentLocation.Longitude,-80.51551056,0
current,Vehicle.CurrentLocation.Altitude,363,0
current,Vehicle.Speed,20.7,1.001
current,Vehicle.CurrentLocation.Latitude,43.40007019042969,0
current,Vehicle.CurrentLocation.Longitude,-80.51551056,0
current,Vehicle.CurrentLocation.Altitude,363,0
current,Vehicle.Speed,20.7,1.004
current,Vehicle.CurrentLocation.Latitude,43.40011978149414,0
current,Vehicle.CurrentLocation.Longitude,-80.51551819,0
current,Vehicle.CurrentLocation.Altitude,363,0
current,Vehicle.Speed,20.736,1.004
current,Vehicle.CurrentLocation.Latitude,43.40016174316406,0
current,Vehicle.CurrentLocation.Longitude,-80.51557159,0
current,Vehicle.CurrentLocation.Altitude,363,0
current,Vehicle.Speed,23.688,0.995
current,Vehicle.CurrentLocation.Latitude,43.400238037109375,0
current,Vehicle.CurrentLocation.Longitude,-80.51574707,0
current,Vehicle.CurrentLocation.Altitude,363,0
current,Vehicle.Speed,32.976,1.004
current,Vehicle.CurrentLocation.Latitude,43.400238037109375,0
current,Vehicle.CurrentLocation.Longitude,-80.51574707,0
current,Vehicle.CurrentLocation.Altitude,363,0
current,Vehicle.Speed,32.976,0.993
current,Vehicle.CurrentLocation.Latitude,43.40027618408203,0
current,Vehicle.CurrentLocation.Longitude,-80.51585388,0
current,Vehicle.CurrentLocation.Altitude,363,0
current,Vehicle.Speed,36.972,1.0
current,Vehicle.CurrentLocation.Latitude,43.40034103393555,0
current,Vehicle.CurrentLocation.Longitude,-80.51610565,0
current,Vehicle.CurrentLocation.Altitude,364,0
current,Vehicle.Speed,39.528,0.999
current,Vehicle.CurrentLocation.Latitude,43.40034103393555,0
current,Vehicle.CurrentLocation.Longitude,-80.51610565,0
current,Vehicle.CurrentLocation.Altitude,364,0
current,Vehicle.Speed,39.528,1.022
current,Vehicle.CurrentLocation.Latitude,43.40034484863281,0
current,Vehicle.CurrentLocation.Longitude,-80.51623535,0
current,Vehicle.CurrentLocation.Altitude,365,0
current,Vehicle.Speed,39.492,0.982
current,Vehicle.CurrentLocation.Latitude,43.40033721923828,0
current,Vehicle.CurrentLocation.Longitude,-80.51637268,0
current,Vehicle.CurrentLocation.Altitude,366,0
current,Vehicle.Speed,39.564,1.0
current,Vehicle.CurrentLocation.Latitude,43.40031814575195,0
current,Vehicle.CurrentLocation.Longitude,-80.51650238,0
current,Vehicle.CurrentLocation.Altitude,366,0
current,Vehicle.Speed,39.564,0.997
current,Vehicle.CurrentLocation.Latitude,43.40030288696289,0
current,Vehicle.CurrentLocation.Longitude,-80.51663208,0
current,Vehicle.CurrentLocation.Altitude,367,0
current,Vehicle.Speed,38.52,0.999
current,Vehicle.CurrentLocation.Latitude,43.40028,0
current,Vehicle.CurrentLocation.Longitude,-80.51686859,0
current,Vehicle.CurrentLocation.Altitude,367,0
current,Vehicle.Speed,31.824,1.003
current,Vehicle.CurrentLocation.Latitude,43.40028,0
current,Vehicle.CurrentLocation.Longitude,-80.51686859,0
current,Vehicle.CurrentLocation.Altitude,367,0
current,Vehicle.Speed,31.824,1.005
current,Vehicle.CurrentLocation.Latitude,43.40028381347656,0
current,Vehicle.CurrentLocation.Longitude,-80.51696777,0
current,Vehicle.CurrentLocation.Altitude,368,0
current,Vehicle.Speed,27.18,0.997
current,Vehicle.CurrentLocation.Latitude,43.40031433105469,0
current,Vehicle.CurrentLocation.Longitude,-80.51704407,0
current,Vehicle.CurrentLocation.Altitude,367,0
current,Vehicle.Speed,23.868,0.999
current,Vehicle.CurrentLocation.Latitude,43.400352478027344,0
current,Vehicle.CurrentLocation.Longitude,-80.51709747,0
current,Vehicle.CurrentLocation.Altitude,368,0
current,Vehicle.Speed,21.348,1.0
current,Vehicle.CurrentLocation.Latitude,43.40044403076172,0
current,Vehicle.CurrentLocation.Longitude,-80.51714325,0
current,Vehicle.CurrentLocation.Altitude,367,0
current,Vehicle.Speed,20.736,1.001
current,Vehicle.CurrentLocation.Latitude,43.40055465698242,0
current,Vehicle.CurrentLocation.Longitude,-80.51716614,0
current,Vehicle.CurrentLocation.Altitude,367,0
current,Vehicle.Speed,23.256,1.0
current,Vehicle.CurrentLocation.Latitude,43.40055465698242,0
current,Vehicle.CurrentLocation.Longitude,-80.51716614,0
current,Vehicle.CurrentLocation.Altitude,367,0
current,Vehicle.Speed,23.256,0.999
current,Vehicle.CurrentLocation.Latitude,43.400611877441406,0
current,Vehicle.CurrentLocation.Longitude,-80.51717377,0
current,Vehicle.CurrentLocation.Altitude,367,0
current,Vehicle.Speed,23.652,1.003
current,Vehicle.CurrentLocation.Latitude,43.400672912597656,0
current,Vehicle.CurrentLocation.Longitude,-80.51718903,0
current,Vehicle.CurrentLocation.Altitude,367,0
current,Vehicle.Speed,24.588,0.998
current,Vehicle.CurrentLocation.Latitude,43.40072250366211,0
current,Vehicle.CurrentLocation.Longitude,-80.5172348,0
current,Vehicle.CurrentLocation.Altitude,367,0
current,Vehicle.Speed,23.796,1.01
current,Vehicle.CurrentLocation.Latitude,43.400760650634766,0
current,Vehicle.CurrentLocation.Longitude,-80.51728821,0
current,Vehicle.CurrentLocation.Altitude,367,0
current,Vehicle.Speed,22.5,0.993
current,Vehicle.CurrentLocation.Latitude,43.400936126708984,0
current,Vehicle.CurrentLocation.Longitude,-80.51774597,0
current,Vehicle.CurrentLocation.Altitude,367,0
current,Vehicle.Speed,25.848,1.022
current,Vehicle.CurrentLocation.Latitude,43.400936126708984,0
current,Vehicle.CurrentLocation.Longitude,-80.51774597,0
current,Vehicle.CurrentLocation.Altitude,367,0
current,Vehicle.Speed,25.848,0.981
current,Vehicle.CurrentLocation.Latitude,43.40099334716797,0
current,Vehicle.CurrentLocation.Longitude,-80.51792145,0
current,Vehicle.CurrentLocation.Altitude,367,0
current,Vehicle.Speed,27.036,1.003
current,Vehicle.CurrentLocation.Latitude,43.40099334716797,0
current,Vehicle.CurrentLocation.Longitude,-80.51792145,0
current,Vehicle.CurrentLocation.Altitude,367,0
current,Vehicle.Speed,27.036,1.003
current,Vehicle.CurrentLocation.Latitude,43.401153564453125,0
current,Vehicle.CurrentLocation.Longitude,-80.51809692,0
current,Vehicle.CurrentLocation.Altitude,367,0
current,Vehicle.Speed,23.472,0.997
current,Vehicle.CurrentLocation.Latitude,43.401214599609375,0
current,Vehicle.CurrentLocation.Longitude,-80.51806641,0
current,Vehicle.CurrentLocation.Altitude,367,0
current,Vehicle.Speed,27.0,0.996
current,Vehicle.CurrentLocation.Latitude,43.40127944946289,0
current,Vehicle.CurrentLocation.Longitude,-80.51802063,0
current,Vehicle.CurrentLocation.Altitude,367,0
current,Vehicle.Speed,31.212,1.0
current,Vehicle.CurrentLocation.Latitude,43.40144348144531,0
current,Vehicle.CurrentLocation.Longitude,-80.51792145,0
current,Vehicle.CurrentLocation.Altitude,367,0
current,Vehicle.Speed,39.06,1.0
current,Vehicle.CurrentLocation.Latitude,43.40153503417969,0
current,Vehicle.CurrentLocation.Longitude,-80.51786804,0
current,Vehicle.CurrentLocation.Altitude,367,0
current,Vehicle.Speed,41.4,1.006
current,Vehicle.CurrentLocation.Latitude,43.40163040161133,0
current,Vehicle.CurrentLocation.Longitude,-80.51781464,0
current,Vehicle.CurrentLocation.Altitude,367,0
current,Vehicle.Speed,40.86,0.998
current,Vehicle.CurrentLocation.Latitude,43.40163040161133,0
current,Vehicle.CurrentLocation.Longitude,-80.51781464,0
current,Vehicle.CurrentLocation.Altitude,367,0
current,Vehicle.Speed,40.86,0.996
current,Vehicle.CurrentLocation.Latitude,43.40180969238281,0
current,Vehicle.CurrentLocation.Longitude,-80.51769257,0
current,Vehicle.CurrentLocation.Altitude,366,0
current,Vehicle.Speed,39.744,1.0
current,Vehicle.CurrentLocation.Latitude,43.40190505981445,0
current,Vehicle.CurrentLocation.Longitude,-80.51765442,0
current,Vehicle.CurrentLocation.Altitude,366,0
current,Vehicle.Speed,38.916,1.002
current,Vehicle.CurrentLocation.Latitude,43.40190505981445,0
current,Vehicle.CurrentLocation.Longitude,-80.51765442,0
current,Vehicle.CurrentLocation.Altitude,366,0
current,Vehicle.Speed,38.916,1.001
current,Vehicle.CurrentLocation.Latitude,43.40209197998047,0
current,Vehicle.CurrentLocation.Longitude,-80.51764679,0
current,Vehicle.CurrentLocation.Altitude,365,0
current,Vehicle.Speed,38.016,0.997
current,Vehicle.CurrentLocation.Latitude,43.40218734741211,0
current,Vehicle.CurrentLocation.Longitude,-80.51766968,0
current,Vehicle.CurrentLocation.Altitude,364,0
current,Vehicle.Speed,38.16,1.0
current,Vehicle.CurrentLocation.Latitude,43.402278900146484,0
current,Vehicle.CurrentLocation.Longitude,-80.51769257,0
current,Vehicle.CurrentLocation.Altitude,363,0
current,Vehicle.Speed,38.052,1.0
current,Vehicle.CurrentLocation.Latitude,43.402374267578125,0
current,Vehicle.CurrentLocation.Longitude,-80.51773071,0
current,Vehicle.CurrentLocation.Altitude,363,0
current,Vehicle.Speed,38.448,1.0
current,Vehicle.CurrentLocation.Latitude,43.40246582,0
current,Vehicle.CurrentLocation.Longitude,-80.5177536,0
current,Vehicle.CurrentLocation.Altitude,362,0
current,Vehicle.Speed,36.936,1.006
current,Vehicle.CurrentLocation.Latitude,43.40246582,0
current,Vehicle.CurrentLocation.Longitude,-80.5177536,0
current,Vehicle.CurrentLocation.Altitude,362,0
current,Vehicle.Speed,36.936,0.994
current,Vehicle.CurrentLocation.Latitude,43.402549743652344,0
current,Vehicle.CurrentLocation.Longitude,-80.51777649,0
current,Vehicle.CurrentLocation.Altitude,362,0
current,Vehicle.Speed,33.984,1.0
current,Vehicle.CurrentLocation.Latitude,43.40282440185547,0
current,Vehicle.CurrentLocation.Longitude,-80.51773071,0
current,Vehicle.CurrentLocation.Altitude,362,0
current,Vehicle.Speed,24.336,1.01
current,Vehicle.CurrentLocation.Latitude,43.40285110473633,0
current,Vehicle.CurrentLocation.Longitude,-80.51764679,0
current,Vehicle.CurrentLocation.Altitude,362,0
current,Vehicle.Speed,29.52,0.991
current,Vehicle.CurrentLocation.Latitude,43.402870178222656,0
current,Vehicle.CurrentLocation.Longitude,-80.51753235,0
current,Vehicle.CurrentLocation.Altitude,362,0
current,Vehicle.Speed,34.2,1.003
current,Vehicle.CurrentLocation.Latitude,43.402870178222656,0
current,Vehicle.CurrentLocation.Longitude,-80.51753235,0
current,Vehicle.CurrentLocation.Altitude,362,0
current,Vehicle.Speed,34.2,0.993
current,Vehicle.CurrentLocation.Latitude,43.402923583984375,0
current,Vehicle.CurrentLocation.Longitude,-80.51727295,0
current,Vehicle.CurrentLocation.Altitude,362,0
current,Vehicle.Speed,42.588,1.0
current,Vehicle.CurrentLocation.Latitude,43.40294647216797,0
current,Vehicle.CurrentLocation.Longitude,-80.51712036,0
current,Vehicle.CurrentLocation.Altitude,362,0
current,Vehicle.Speed,45.396,1.004
current,Vehicle.CurrentLocation.Latitude,43.40296936035156,0
current,Vehicle.CurrentLocation.Longitude,-80.51696777,0
current,Vehicle.CurrentLocation.Altitude,362,0
current,Vehicle.Speed,48.06,0.999
current,Vehicle.CurrentLocation.Latitude,43.402992248535156,0
current,Vehicle.CurrentLocation.Longitude,-80.5167923,0
current,Vehicle.CurrentLocation.Altitude,363,0
current,Vehicle.Speed,50.004,0.997
current,Vehicle.CurrentLocation.Latitude,43.402992248535156,0
current,Vehicle.CurrentLocation.Longitude,-80.5167923,0
current,Vehicle.CurrentLocation.Altitude,363,0
current,Vehicle.Speed,50.004,1.002
current,Vehicle.CurrentLocation.Latitude,43.403011322021484,0
current,Vehicle.CurrentLocation.Longitude,-80.51644897,0
current,Vehicle.CurrentLocation.Altitude,362,0
current,Vehicle.Speed,51.156,1.001
current,Vehicle.CurrentLocation.Latitude,43.40300750732422,0
current,Vehicle.CurrentLocation.Longitude,-80.51626587,0
current,Vehicle.CurrentLocation.Altitude,362,0
current,Vehicle.Speed,51.336,0.997
current,Vehicle.CurrentLocation.Latitude,43.40300750732422,0
current,Vehicle.CurrentLocation.Longitude,-80.51626587,0
current,Vehicle.CurrentLocation.Altitude,362,0
current,Vehicle.Speed,51.336,1.004
current,Vehicle.CurrentLocation.Latitude,43.402992248535156,0
current,Vehicle.CurrentLocation.Longitude,-80.51609802,0
current,Vehicle.CurrentLocation.Altitude,362,0
current,Vehicle.Speed,52.524,1.005
current,Vehicle.CurrentLocation.Latitude,43.402923583984375,0
current,Vehicle.CurrentLocation.Longitude,-80.51574707,0
current,Vehicle.CurrentLocation.Altitude,362,0
current,Vehicle.Speed,51.516,0.995
current,Vehicle.CurrentLocation.Latitude,43.402923583984375,0
current,Vehicle.CurrentLocation.Longitude,-80.51574707,0
current,Vehicle.CurrentLocation.Altitude,362,0
current,Vehicle.Speed,51.516,0.996
current,Vehicle.CurrentLocation.Latitude,43.40288162231445,0
current,Vehicle.CurrentLocation.Longitude,-80.51558685,0
current,Vehicle.CurrentLocation.Altitude,361,0
current,Vehicle.Speed,51.732,1.0
current,Vehicle.CurrentLocation.Latitude,43.402774810791016,0
current,Vehicle.CurrentLocation.Longitude,-80.51526642,0
current,Vehicle.CurrentLocation.Altitude,361,0
current,Vehicle.Speed,52.776,1.026
current,Vehicle.CurrentLocation.Latitude,43.40271759033203,0
current,Vehicle.CurrentLocation.Longitude,-80.51509857,0
current,Vehicle.CurrentLocation.Altitude,360,0
current,Vehicle.Speed,53.064,0.977
current,Vehicle.CurrentLocation.Latitude,43.40266036987305,0
current,Vehicle.CurrentLocation.Longitude,-80.51493835,0
current,Vehicle.CurrentLocation.Altitude,360,0
current,Vehicle.Speed,53.244,1.0
current,Vehicle.CurrentLocation.Latitude,43.40260314941406,0
current,Vehicle.CurrentLocation.Longitude,-80.51477051,0
current,Vehicle.CurrentLocation.Altitude,360,0
current,Vehicle.Speed,53.64,0.997
current,Vehicle.CurrentLocation.Latitude,43.40254592895508,0
current,Vehicle.CurrentLocation.Longitude,-80.51459503,0
current,Vehicle.CurrentLocation.Altitude,360,0
current,Vehicle.Speed,54.36,1.002
current,Vehicle.CurrentLocation.Latitude,43.40249252319336,0
current,Vehicle.CurrentLocation.Longitude,-80.51443481,0
current,Vehicle.CurrentLocation.Altitude,359,0
current,Vehicle.Speed,54.288,0.998
current,Vehicle.CurrentLocation.Latitude,43.40243911743164,0
current,Vehicle.CurrentLocation.Longitude,-80.51426697,0
current,Vehicle.CurrentLocation.Altitude,359,0
current,Vehicle.Speed,52.884,1.006
current,Vehicle.CurrentLocation.Latitude,43.40243911743164,0
current,Vehicle.CurrentLocation.Longitude,-80.51426697,0
current,Vehicle.CurrentLocation.Altitude,359,0
current,Vehicle.Speed,52.884,0.997
current,Vehicle.CurrentLocation.Latitude,43.40238571166992,0
current,Vehicle.CurrentLocation.Longitude,-80.51412201,0
current,Vehicle.CurrentLocation.Altitude,358,0
current,Vehicle.Speed,42.984,1.009
current,Vehicle.CurrentLocation.Latitude,43.40231704711914,0
current,Vehicle.CurrentLocation.Longitude,-80.51394653,0
current,Vehicle.CurrentLocation.Altitude,358,0
current,Vehicle.Speed,20.916,0.988
current,Vehicle.CurrentLocation.Latitude,43.40231704711914,0
current,Vehicle.CurrentLocation.Longitude,-80.51394653,0
current,Vehicle.CurrentLocation.Altitude,358,0
current,Vehicle.Speed,20.916,1.006
current,Vehicle.CurrentLocation.Latitude,43.40227508544922,0
current,Vehicle.CurrentLocation.Longitude,-80.51380157,0
current,Vehicle.CurrentLocation.Altitude,356,0
current,Vehicle.Speed,21.528,0.985
current,Vehicle.CurrentLocation.Latitude,43.40225601196289,0
current,Vehicle.CurrentLocation.Longitude,-80.51371765,0
current,Vehicle.CurrentLocation.Altitude,356,0
current,Vehicle.Speed,28.044,0.999
current,Vehicle.CurrentLocation.Latitude,43.402225494384766,0
current,Vehicle.CurrentLocation.Longitude,-80.51361084,0
current,Vehicle.CurrentLocation.Altitude,356,0
current,Vehicle.Speed,32.76,1.002
current,Vehicle.CurrentLocation.Latitude,43.40218734741211,0
current,Vehicle.CurrentLocation.Longitude,-80.51350403,0
current,Vehicle.CurrentLocation.Altitude,355,0
current,Vehicle.Speed,37.116,1.002
current,Vehicle.CurrentLocation.Latitude,43.40214538574219,0
current,Vehicle.CurrentLocation.Longitude,-80.51338196,0
current,Vehicle.CurrentLocation.Altitude,355,0
current,Vehicle.Speed,40.032,1.0
current,Vehicle.CurrentLocation.Latitude,43.40211105,0
current,Vehicle.CurrentLocation.Longitude,-80.51324463,0
current,Vehicle.CurrentLocation.Altitude,355,0
current,Vehicle.Speed,42.804,1.003
current,Vehicle.CurrentLocation.Latitude,43.40208817,0
current,Vehicle.CurrentLocation.Longitude,-80.51309967,0
current,Vehicle.CurrentLocation.Altitude,354,0
current,Vehicle.Speed,43.884,0.997
current,Vehicle.CurrentLocation.Latitude,43.402069091796875,0
current,Vehicle.CurrentLocation.Longitude,-80.51294708,0
current,Vehicle.CurrentLocation.Altitude,354,0
current,Vehicle.Speed,45.432,0.996
current,Vehicle.CurrentLocation.Latitude,43.402061462402344,0
current,Vehicle.CurrentLocation.Longitude,-80.51278687,0
current,Vehicle.CurrentLocation.Altitude,353,0
current,Vehicle.Speed,47.052,1.0
current,Vehicle.CurrentLocation.Latitude,43.402061462402344,0
current,Vehicle.CurrentLocation.Longitude,-80.51261902,0
current,Vehicle.CurrentLocation.Altitude,353,0
current,Vehicle.Speed,49.068,1.01
current,Vehicle.CurrentLocation.Latitude,43.402069091796875,0
current,Vehicle.CurrentLocation.Longitude,-80.51245117,0
current,Vehicle.CurrentLocation.Altitude,352,0
current,Vehicle.Speed,50.544,0.991
current,Vehicle.CurrentLocation.Latitude,43.40209197998047,0
current,Vehicle.CurrentLocation.Longitude,-80.5122757,0
current,Vehicle.CurrentLocation.Altitude,352,0
current,Vehicle.Speed,52.344,0.999
current,Vehicle.CurrentLocation.Latitude,43.40211868286133,0
current,Vehicle.CurrentLocation.Longitude,-80.51209259,0
current,Vehicle.CurrentLocation.Altitude,352,0
current,Vehicle.Speed,54.216,1.0
current,Vehicle.CurrentLocation.Latitude,43.40214920043945,0
current,Vehicle.CurrentLocation.Longitude,-80.51190948,0
current,Vehicle.CurrentLocation.Altitude,351,0
current,Vehicle.Speed,55.44,1.0
current,Vehicle.CurrentLocation.Latitude,43.402183532714844,0
current,Vehicle.CurrentLocation.Longitude,-80.51172638,0
current,Vehicle.CurrentLocation.Altitude,351,0
current,Vehicle.Speed,56.016,1.002
current,Vehicle.CurrentLocation.Latitude,43.40221024,0
current,Vehicle.CurrentLocation.Longitude,-80.51153564,0
current,Vehicle.CurrentLocation.Altitude,350,0
current,Vehicle.Speed,55.152,0.999
current,Vehicle.CurrentLocation.Latitude,43.402244567871094,0
current,Vehicle.CurrentLocation.Longitude,-80.51135254,0
current,Vehicle.CurrentLocation.Altitude,350,0
current,Vehicle.Speed,54.756,0.999
current,Vehicle.CurrentLocation.Latitude,43.40227508544922,0
current,Vehicle.CurrentLocation.Longitude,-80.51117706,0
current,Vehicle.CurrentLocation.Altitude,350,0
current,Vehicle.Speed,53.172,1.0
current,Vehicle.CurrentLocation.Latitude,43.402305603027344,0
current,Vehicle.CurrentLocation.Longitude,-80.51100159,0
current,Vehicle.CurrentLocation.Altitude,349,0
current,Vehicle.Speed,51.444,1.001
current,Vehicle.CurrentLocation.Latitude,43.402347564697266,0
current,Vehicle.CurrentLocation.Longitude,-80.51083374,0
current,Vehicle.CurrentLocation.Altitude,349,0
current,Vehicle.Speed,50.508,1.009
current,Vehicle.CurrentLocation.Latitude,43.40240478515625,0
current,Vehicle.CurrentLocation.Longitude,-80.51068115,0
current,Vehicle.CurrentLocation.Altitude,348,0
current,Vehicle.Speed,50.58,0.994
current,Vehicle.CurrentLocation.Latitude,43.40247726,0
current,Vehicle.CurrentLocation.Longitude,-80.51053619,0
current,Vehicle.CurrentLocation.Altitude,348,0
current,Vehicle.Speed,50.868,0.996
current,Vehicle.CurrentLocation.Latitude,43.402557373046875,0
current,Vehicle.CurrentLocation.Longitude,-80.51039886,0
current,Vehicle.CurrentLocation.Altitude,348,0
current,Vehicle.Speed,51.12,1.0
current,Vehicle.CurrentLocation.Latitude,43.40264129638672,0
current,Vehicle.CurrentLocation.Longitude,-80.51026917,0
current,Vehicle.CurrentLocation.Altitude,348,0
current,Vehicle.Speed,49.14,1.002
current,Vehicle.CurrentLocation.Latitude,43.40272141,0
current,Vehicle.CurrentLocation.Longitude,-80.51015472,0
current,Vehicle.CurrentLocation.Altitude,347,0
current,Vehicle.Speed,44.28,1.002
current,Vehicle.CurrentLocation.Latitude,43.40278625488281,0
current,Vehicle.CurrentLocation.Longitude,-80.51006317,0
current,Vehicle.CurrentLocation.Altitude,347,0
current,Vehicle.Speed,34.704,1.009
current,Vehicle.CurrentLocation.Latitude,43.40283203,0
current,Vehicle.CurrentLocation.Longitude,-80.50999451,0
current,Vehicle.CurrentLocation.Altitude,347,0
current,Vehicle.Speed,23.832,0.997
current,Vehicle.CurrentLocation.Latitude,43.402889251708984,0
current,Vehicle.CurrentLocation.Longitude,-80.50978851,0
current,Vehicle.CurrentLocation.Altitude,347,0
current,Vehicle.Speed,23.472,1.0
current,Vehicle.CurrentLocation.Latitude,43.40285110473633,0
current,Vehicle.CurrentLocation.Longitude,-80.50971222,0
current,Vehicle.CurrentLocation.Altitude,347,0
current,Vehicle.Speed,29.664,1.004
current,Vehicle.CurrentLocation.Latitude,43.40279769897461,0
current,Vehicle.CurrentLocation.Longitude,-80.5096283,0
current,Vehicle.CurrentLocation.Altitude,347,0
current,Vehicle.Speed,34.488,1.003
current,Vehicle.CurrentLocation.Latitude,43.40272521972656,0
current,Vehicle.CurrentLocation.Longitude,-80.50954437,0
current,Vehicle.CurrentLocation.Altitude,347,0
current,Vehicle.Speed,38.592,0.998
current,Vehicle.CurrentLocation.Latitude,43.40264892578125,0
current,Vehicle.CurrentLocation.Longitude,-80.50946045,0
current,Vehicle.CurrentLocation.Altitude,347,0
current,Vehicle.Speed,40.536,0.999
current,Vehicle.CurrentLocation.Latitude,43.402557373046875,0
current,Vehicle.CurrentLocation.Longitude,-80.50939178,0
current,Vehicle.CurrentLocation.Altitude,347,0
current,Vehicle.Speed,41.004,0.996
current,Vehicle.CurrentLocation.Latitude,43.40245056152344,0
current,Vehicle.CurrentLocation.Longitude,-80.50935364,0
current,Vehicle.CurrentLocation.Altitude,347,0
current,Vehicle.Speed,44.244,1.0
current,Vehicle.CurrentLocation.Latitude,43.40234375,0
current,Vehicle.CurrentLocation.Longitude,-80.50932312,0
current,Vehicle.CurrentLocation.Altitude,347,0
current,Vehicle.Speed,46.224,1.0
current,Vehicle.CurrentLocation.Latitude,43.402225494384766,0
current,Vehicle.CurrentLocation.Longitude,-80.50928497,0
current,Vehicle.CurrentLocation.Altitude,347,0
current,Vehicle.Speed,47.052,1.007
current,Vehicle.CurrentLocation.Latitude,43.40211105,0
current,Vehicle.CurrentLocation.Longitude,-80.50925446,0
current,Vehicle.CurrentLocation.Altitude,347,0
current,Vehicle.Speed,46.584,0.997
current,Vehicle.CurrentLocation.Latitude,43.402000427246094,0
current,Vehicle.CurrentLocation.Longitude,-80.50922394,0
current,Vehicle.CurrentLocation.Altitude,347,0
current,Vehicle.Speed,46.044,0.996
current,Vehicle.CurrentLocation.Latitude,43.40188980102539,0
current,Vehicle.CurrentLocation.Longitude,-80.50918579,0
current,Vehicle.CurrentLocation.Altitude,347,0
current,Vehicle.Speed,45.936,1.0
current,Vehicle.CurrentLocation.Latitude,43.40177917480469,0
current,Vehicle.CurrentLocation.Longitude,-80.50915527,0
current,Vehicle.CurrentLocation.Altitude,347,0
current,Vehicle.Speed,44.532,1.004
current,Vehicle.CurrentLocation.Latitude,43.401676177978516,0
current,Vehicle.CurrentLocation.Longitude,-80.50911713,0
current,Vehicle.CurrentLocation.Altitude,347,0
current,Vehicle.Speed,41.832,1.001
current,Vehicle.CurrentLocation.Latitude,43.40157699584961,0
current,Vehicle.CurrentLocation.Longitude,-80.50907898,0
current,Vehicle.CurrentLocation.Altitude,347,0
current,Vehicle.Speed,40.932,0.999
current,Vehicle.CurrentLocation.Latitude,43.40147018432617,0
current,Vehicle.CurrentLocation.Longitude,-80.5090332,0
current,Vehicle.CurrentLocation.Altitude,347,0
current,Vehicle.Speed,43.596,0.996
current,Vehicle.CurrentLocation.Latitude,43.401363372802734,0
current,Vehicle.CurrentLocation.Longitude,-80.50900269,0
current,Vehicle.CurrentLocation.Altitude,347,0
current,Vehicle.Speed,46.152,1.007
current,Vehicle.CurrentLocation.Latitude,43.40124512,0
current,Vehicle.CurrentLocation.Longitude,-80.50897217,0
current,Vehicle.CurrentLocation.Altitude,347,0
current,Vehicle.Speed,49.176,0.997
current,Vehicle.CurrentLocation.Latitude,43.401119232177734,0
current,Vehicle.CurrentLocation.Longitude,-80.50893402,0
current,Vehicle.CurrentLocation.Altitude,347,0
current,Vehicle.Speed,51.66,1.003
current,Vehicle.CurrentLocation.Latitude,43.40099334716797,0
current,Vehicle.CurrentLocation.Longitude,-80.50889587,0
current,Vehicle.CurrentLocation.Altitude,347,0
current,Vehicle.Speed,52.668,0.993
current,Vehicle.CurrentLocation.Latitude,43.40086364746094,0
current,Vehicle.CurrentLocation.Longitude,-80.50886536,0
current,Vehicle.CurrentLocation.Altitude,347,0
current,Vehicle.Speed,51.444,1.0
current,Vehicle.CurrentLocation.Latitude,43.40074157714844,0
current,Vehicle.CurrentLocation.Longitude,-80.50883484,0
current,Vehicle.CurrentLocation.Altitude,347,0
current,Vehicle.Speed,48.168,1.0
current,Vehicle.CurrentLocation.Latitude,43.40063477,0
current,Vehicle.CurrentLocation.Longitude,-80.50880432,0
current,Vehicle.CurrentLocation.Altitude,347,0
current,Vehicle.Speed,42.624,1.013
current,Vehicle.CurrentLocation.Latitude,43.400543212890625,0
current,Vehicle.CurrentLocation.Longitude,-80.50879669,0
current,Vehicle.CurrentLocation.Altitude,348,0
current,Vehicle.Speed,33.264,0.994
current,Vehicle.CurrentLocation.Latitude,43.40047836303711,0
current,Vehicle.CurrentLocation.Longitude,-80.50879669,0
current,Vehicle.CurrentLocation.Altitude,348,0
current,Vehicle.Speed,24.732,0.998
current,Vehicle.CurrentLocation.Latitude,43.40032958984375,0
current,Vehicle.CurrentLocation.Longitude,-80.50885773,0
current,Vehicle.CurrentLocation.Altitude,348,0
current,Vehicle.Speed,20.772,1.003
current,Vehicle.CurrentLocation.Latitude,43.400299072265625,0
current,Vehicle.CurrentLocation.Longitude,-80.50893402,0
current,Vehicle.CurrentLocation.Altitude,348,0
current,Vehicle.Speed,27.252,0.997
current,Vehicle.CurrentLocation.Latitude,43.40028,0
current,Vehicle.CurrentLocation.Longitude,-80.5090332,0
current,Vehicle.CurrentLocation.Altitude,349,0
current,Vehicle.Speed,34.596,1.0
current,Vehicle.CurrentLocation.Latitude,43.400264739990234,0
current,Vehicle.CurrentLocation.Longitude,-80.50917053,0
current,Vehicle.CurrentLocation.Altitude,349,0
current,Vehicle.Speed,41.112,1.0
current,Vehicle.CurrentLocation.Latitude,43.40025711,0
current,Vehicle.CurrentLocation.Longitude,-80.50932312,0
current,Vehicle.CurrentLocation.Altitude,349,0
current,Vehicle.Speed,46.188,0.996
current,Vehicle.CurrentLocation.Latitude,43.400245666503906,0
current,Vehicle.CurrentLocation.Longitude,-80.5094986,0
current,Vehicle.CurrentLocation.Altitude,349,0
current,Vehicle.Speed,52.452,1.002
current,Vehicle.CurrentLocation.Latitude,43.40023422241211,0
current,Vehicle.CurrentLocation.Longitude,-80.50968933,0
current,Vehicle.CurrentLocation.Altitude,349,0
current,Vehicle.Speed,59.112,1.002
current,Vehicle.CurrentLocation.Latitude,43.40021896362305,0
current,Vehicle.CurrentLocation.Longitude,-80.50991058,0
current,Vehicle.CurrentLocation.Altitude,349,0
current,Vehicle.Speed,65.088,0.996
current,Vehicle.CurrentLocation.Latitude,43.40019989013672,0
current,Vehicle.CurrentLocation.Longitude,-80.51014709,0
current,Vehicle.CurrentLocation.Altitude,349,0
current,Vehicle.Speed,70.128,1.01
current,Vehicle.CurrentLocation.Latitude,43.40018081665039,0
current,Vehicle.CurrentLocation.Longitude,-80.51038361,0
current,Vehicle.CurrentLocation.Altitude,349,0
current,Vehicle.Speed,72.72,0.994
current,Vehicle.CurrentLocation.Latitude,43.40016174316406,0
current,Vehicle.CurrentLocation.Longitude,-80.51063538,0
current,Vehicle.CurrentLocation.Altitude,349,0
current,Vehicle.Speed,74.772,1.0
current,Vehicle.CurrentLocation.Latitude,43.400142669677734,0
current,Vehicle.CurrentLocation.Longitude,-80.5109024,0
current,Vehicle.CurrentLocation.Altitude,350,0
current,Vehicle.Speed,77.112,1.014
current,Vehicle.CurrentLocation.Latitude,43.400123596191406,0
current,Vehicle.CurrentLocation.Longitude,-80.51116943,0
current,Vehicle.CurrentLocation.Altitude,350,0
current,Vehicle.Speed,78.66,1.004
current,Vehicle.CurrentLocation.Latitude,43.40010070800781,0
current,Vehicle.CurrentLocation.Longitude,-80.51143646,0
current,Vehicle.CurrentLocation.Altitude,350,0
current,Vehicle.Speed,79.812,0.979
current,Vehicle.CurrentLocation.Latitude,43.400081634521484,0
current,Vehicle.CurrentLocation.Longitude,-80.51171112,0
current,Vehicle.CurrentLocation.Altitude,350,0
current,Vehicle.Speed,81.36,1.003
current,Vehicle.CurrentLocation.Latitude,43.400062561035156,0
current,Vehicle.CurrentLocation.Longitude,-80.51199341,0
current,Vehicle.CurrentLocation.Altitude,351,0
current,Vehicle.Speed,82.656,0.996
current,Vehicle.CurrentLocation.Latitude,43.40004348754883,0
current,Vehicle.CurrentLocation.Longitude,-80.5122757,0
current,Vehicle.CurrentLocation.Altitude,352,0
current,Vehicle.Speed,82.836,1.001
current,Vehicle.CurrentLocation.Latitude,43.400020599365234,0
current,Vehicle.CurrentLocation.Longitude,-80.51255798,0
current,Vehicle.CurrentLocation.Altitude,352,0
current,Vehicle.Speed,82.62,1.004
current,Vehicle.CurrentLocation.Latitude,43.400001525878906,0
current,Vehicle.CurrentLocation.Longitude,-80.51284027,0
current,Vehicle.CurrentLocation.Altitude,353,0
current,Vehicle.Speed,81.9,1.002
current,Vehicle.CurrentLocation.Latitude,43.39998245239258,0
current,Vehicle.CurrentLocation.Longitude,-80.51311493,0
current,Vehicle.CurrentLocation.Altitude,354,0
current,Vehicle.Speed,81.36,0.997
current,Vehicle.CurrentLocation.Latitude,43.39996337890625,0
current,Vehicle.CurrentLocation.Longitude,-80.51338959,0
current,Vehicle.CurrentLocation.Altitude,355,0
current,Vehicle.Speed,81.9,0.997
current,Vehicle.CurrentLocation.Latitude,43.399940490722656,0
current,Vehicle.CurrentLocation.Longitude,-80.5136795,0
current,Vehicle.CurrentLocation.Altitude,355,0
current,Vehicle.Speed,83.772,1.003
current,Vehicle.CurrentLocation.Latitude,43.39991760253906,0
current,Vehicle.CurrentLocation.Longitude,-80.51396942,0
current,Vehicle.CurrentLocation.Altitude,356,0
current,Vehicle.Speed,87.444,0.996
current,Vehicle.CurrentLocation.Latitude,43.39989471435547,0
current,Vehicle.CurrentLocation.Longitude,-80.5142746,0
current,Vehicle.CurrentLocation.Altitude,357,0
current,Vehicle.Speed,90.72,1.007
current,Vehicle.CurrentLocation.Latitude,43.39986801147461,0
current,Vehicle.CurrentLocation.Longitude,-80.5145874,0
current,Vehicle.CurrentLocation.Altitude,357,0
current,Vehicle.Speed,90.18,0.997
current,Vehicle.CurrentLocation.Latitude,43.399845123291016,0
current,Vehicle.CurrentLocation.Longitude,-80.51488495,0
current,Vehicle.CurrentLocation.Altitude,358,0
current,Vehicle.Speed,88.272,0.997
current,Vehicle.CurrentLocation.Latitude,43.39982223510742,0
current,Vehicle.CurrentLocation.Longitude,-80.5151825,0
current,Vehicle.CurrentLocation.Altitude,358,0
current,Vehicle.Speed,86.616,0.999
current,Vehicle.CurrentLocation.Latitude,43.39979172,0
current,Vehicle.CurrentLocation.Longitude,-80.51547241,0
current,Vehicle.CurrentLocation.Altitude,359,0
current,Vehicle.Speed,85.356,1.0
current,Vehicle.CurrentLocation.Latitude,43.39976501464844,0
current,Vehicle.CurrentLocation.Longitude,-80.51576233,0
current,Vehicle.CurrentLocation.Altitude,359,0
current,Vehicle.Speed,83.988,1.007
current,Vehicle.CurrentLocation.Latitude,43.39974594116211,0
current,Vehicle.CurrentLocation.Longitude,-80.51603699,0
current,Vehicle.CurrentLocation.Altitude,360,0
current,Vehicle.Speed,81.468,0.995
current,Vehicle.CurrentLocation.Latitude,43.39973449707031,0
current,Vehicle.CurrentLocation.Longitude,-80.51631165,0
current,Vehicle.CurrentLocation.Altitude,360,0
current,Vehicle.Speed,79.56,1.002
current,Vehicle.CurrentLocation.Latitude,43.39971923828125,0
current,Vehicle.CurrentLocation.Longitude,-80.51657867,0
current,Vehicle.CurrentLocation.Altitude,361,0
current,Vehicle.Speed,78.588,0.996
current,Vehicle.CurrentLocation.Latitude,43.39970397949219,0
current,Vehicle.CurrentLocation.Longitude,-80.51685333,0
current,Vehicle.CurrentLocation.Altitude,362,0
current,Vehicle.Speed,77.94,1.004
current,Vehicle.CurrentLocation.Latitude,43.399681091308594,0
current,Vehicle.CurrentLocation.Longitude,-80.51711273,0
current,Vehicle.CurrentLocation.Altitude,363,0
current,Vehicle.Speed,77.436,0.996
current,Vehicle.CurrentLocation.Latitude,43.399662017822266,0
current,Vehicle.CurrentLocation.Longitude,-80.51737976,0
current,Vehicle.CurrentLocation.Altitude,364,0
current,Vehicle.Speed,76.824,1.001
current,Vehicle.CurrentLocation.Latitude,43.39964294433594,0
current,Vehicle.CurrentLocation.Longitude,-80.51763916,0
current,Vehicle.CurrentLocation.Altitude,365,0
current,Vehicle.Speed,76.032,0.999
current,Vehicle.CurrentLocation.Latitude,43.39962387084961,0
current,Vehicle.CurrentLocation.Longitude,-80.51789093,0
current,Vehicle.CurrentLocation.Altitude,366,0
current,Vehicle.Speed,75.24,1.0
current,Vehicle.CurrentLocation.Latitude,43.39960479736328,0
current,Vehicle.CurrentLocation.Longitude,-80.51815033,0
current,Vehicle.CurrentLocation.Altitude,367,0
current,Vehicle.Speed,74.844,1.0
current,Vehicle.CurrentLocation.Latitude,43.39958572387695,0
current,Vehicle.CurrentLocation.Longitude,-80.51840973,0
current,Vehicle.CurrentLocation.Altitude,367,0
current,Vehicle.Speed,74.736,1.007
current,Vehicle.CurrentLocation.Latitude,43.399566650390625,0
current,Vehicle.CurrentLocation.Longitude,-80.51865387,0
current,Vehicle.CurrentLocation.Altitude,368,0
current,Vehicle.Speed,74.844,0.997
current,Vehicle.CurrentLocation.Latitude,43.39954376220703,0
current,Vehicle.CurrentLocation.Longitude,-80.51891327,0
current,Vehicle.CurrentLocation.Altitude,369,0
current,Vehicle.Speed,75.204,0.996
current,Vehicle.CurrentLocation.Latitude,43.39952469,0
current,Vehicle.CurrentLocation.Longitude,-80.51916504,0
current,Vehicle.CurrentLocation.Altitude,370,0
current,Vehicle.Speed,75.312,1.002
current,Vehicle.CurrentLocation.Latitude,43.399505615234375,0
current,Vehicle.CurrentLocation.Longitude,-80.51943207,0
current,Vehicle.CurrentLocation.Altitude,371,0
current,Vehicle.Speed,75.312,1.008
current,Vehicle.CurrentLocation.Latitude,43.399478912353516,0
current,Vehicle.CurrentLocation.Longitude,-80.51967621,0
current,Vehicle.CurrentLocation.Altitude,372,0
current,Vehicle.Speed,75.42,0.994
current,Vehicle.CurrentLocation.Latitude,43.399444580078125,0
current,Vehicle.CurrentLocation.Longitude,-80.51993561,0
current,Vehicle.CurrentLocation.Altitude,373,0
current,Vehicle.Speed,75.636,0.997
current,Vehicle.CurrentLocation.Latitude,43.39940643310547,0
current,Vehicle.CurrentLocation.Longitude,-80.52019501,0
current,Vehicle.CurrentLocation.Altitude,374,0
current,Vehicle.Speed,75.888,1.003
current,Vehicle.CurrentLocation.Latitude,43.39936828613281,0
current,Vehicle.CurrentLocation.Longitude,-80.52044678,0
current,Vehicle.CurrentLocation.Altitude,375,0
current,Vehicle.Speed,76.176,0.996
current,Vehicle.CurrentLocation.Latitude,43.39932632446289,0
current,Vehicle.CurrentLocation.Longitude,-80.52070618,0
current,Vehicle.CurrentLocation.Altitude,376,0
current,Vehicle.Speed,76.644,1.001
current,Vehicle.CurrentLocation.Latitude,43.39928055,0
current,Vehicle.CurrentLocation.Longitude,-80.52095795,0
current,Vehicle.CurrentLocation.Altitude,377,0
current,Vehicle.Speed,77.004,1.006
current,Vehicle.CurrentLocation.Latitude,43.399234771728516,0
current,Vehicle.CurrentLocation.Longitude,-80.52121735,0
current,Vehicle.CurrentLocation.Altitude,378,0
current,Vehicle.Speed,76.536,0.993
current,Vehicle.CurrentLocation.Latitude,43.39918899536133,0
current,Vehicle.CurrentLocation.Longitude,-80.52146912,0
current,Vehicle.CurrentLocation.Altitude,379,0
current,Vehicle.Speed,75.636,1.001
current,Vehicle.CurrentLocation.Latitude,43.399147033691406,0
current,Vehicle.CurrentLocation.Longitude,-80.52171326,0
current,Vehicle.CurrentLocation.Altitude,380,0
current,Vehicle.Speed,74.952,2.0
current,Vehicle.CurrentLocation.Latitude,43.3990593,0
current,Vehicle.CurrentLocation.Longitude,-80.52220917,0
current,Vehicle.CurrentLocation.Altitude,381,0
current,Vehicle.Speed,72.468,0.999
current,Vehicle.CurrentLocation.Latitude,43.399017333984375,0
current,Vehicle.CurrentLocation.Longitude,-80.52244568,0
current,Vehicle.CurrentLocation.Altitude,382,0
current,Vehicle.Speed,71.496,1.002
current,Vehicle.CurrentLocation.Latitude,43.39897537231445,0
current,Vehicle.CurrentLocation.Longitude,-80.52268982,0
current,Vehicle.CurrentLocation.Altitude,383,0
current,Vehicle.Speed,71.748,1.002
current,Vehicle.CurrentLocation.Latitude,43.39893341064453,0
current,Vehicle.CurrentLocation.Longitude,-80.52292633,0
current,Vehicle.CurrentLocation.Altitude,384,0
current,Vehicle.Speed,71.496,0.997
current,Vehicle.CurrentLocation.Latitude,43.39889144897461,0
current,Vehicle.CurrentLocation.Longitude,-80.52316284,0
current,Vehicle.CurrentLocation.Altitude,385,0
current,Vehicle.Speed,70.524,0.999
current,Vehicle.CurrentLocation.Latitude,43.39885330200195,0
current,Vehicle.CurrentLocation.Longitude,-80.52339172,0
current,Vehicle.CurrentLocation.Altitude,385,0
current,Vehicle.Speed,69.228,1.007
current,Vehicle.CurrentLocation.Latitude,43.39881134033203,0
current,Vehicle.CurrentLocation.Longitude,-80.52362061,0
current,Vehicle.CurrentLocation.Altitude,386,0
current,Vehicle.Speed,68.004,0.994
current,Vehicle.CurrentLocation.Latitude,43.398773193359375,0
current,Vehicle.CurrentLocation.Longitude,-80.52384186,0
current,Vehicle.CurrentLocation.Altitude,387,0
current,Vehicle.Speed,63.612,1.006
current,Vehicle.CurrentLocation.Latitude,43.39874267578125,0
current,Vehicle.CurrentLocation.Longitude,-80.52402496,0
current,Vehicle.CurrentLocation.Altitude,387,0
current,Vehicle.Speed,54.324,0.997
current,Vehicle.CurrentLocation.Latitude,43.39871597290039,0
current,Vehicle.CurrentLocation.Longitude,-80.52417755,0
current,Vehicle.CurrentLocation.Altitude,388,0
current,Vehicle.Speed,43.344,0.996
current,Vehicle.CurrentLocation.Latitude,43.39870071411133,0
current,Vehicle.CurrentLocation.Longitude,-80.52429962,0
current,Vehicle.CurrentLocation.Altitude,388,0
current,Vehicle.Speed,31.968,1.001
current,Vehicle.CurrentLocation.Latitude,43.398712158203125,0
current,Vehicle.CurrentLocation.Longitude,-80.5243988,0
current,Vehicle.CurrentLocation.Altitude,388,0
current,Vehicle.Speed,26.64,1.004
current,Vehicle.CurrentLocation.Latitude,43.398746490478516,0
current,Vehicle.CurrentLocation.Longitude,-80.52446747,0
current,Vehicle.CurrentLocation.Altitude,388,0
current,Vehicle.Speed,24.804,0.999
current,Vehicle.CurrentLocation.Latitude,43.39880371,0
current,Vehicle.CurrentLocation.Longitude,-80.52450562,0
current,Vehicle.CurrentLocation.Altitude,388,0
current,Vehicle.Speed,28.08,1.003
current,Vehicle.CurrentLocation.Latitude,43.39887237548828,0
current,Vehicle.CurrentLocation.Longitude,-80.52453613,0
current,Vehicle.CurrentLocation.Altitude,388,0
current,Vehicle.Speed,30.6,0.994
current,Vehicle.CurrentLocation.Latitude,43.39895248413086,0
current,Vehicle.CurrentLocation.Longitude,-80.52456665,0
current,Vehicle.CurrentLocation.Altitude,387,0
current,Vehicle.Speed,32.256,1.009
current,Vehicle.CurrentLocation.Latitude,43.39902877807617,0
current,Vehicle.CurrentLocation.Longitude,-80.52458191,0
current,Vehicle.CurrentLocation.Altitude,387,0
current,Vehicle.Speed,29.808,0.99
current,Vehicle.CurrentLocation.Latitude,43.399085998535156,0
current,Vehicle.CurrentLocation.Longitude,-80.5246048,0
current,Vehicle.CurrentLocation.Altitude,387,0
current,Vehicle.Speed,22.356,1.004
current,Vehicle.CurrentLocation.Latitude,43.399208068847656,0
current,Vehicle.CurrentLocation.Longitude,-80.52469635,0
current,Vehicle.CurrentLocation.Altitude,388,0
current,Vehicle.Speed,20.412,1.999
current,Vehicle.CurrentLocation.Latitude,43.39921951293945,0
current,Vehicle.CurrentLocation.Longitude,-80.52487183,0
current,Vehicle.CurrentLocation.Altitude,388,0
current,Vehicle.Speed,27.396,1.0
current,Vehicle.CurrentLocation.Latitude,43.39920425415039,0
current,Vehicle.CurrentLocation.Longitude,-80.52497101,0
current,Vehicle.CurrentLocation.Altitude,389,0
current,Vehicle.Speed,32.004,1.006
current,Vehicle.CurrentLocation.Latitude,43.39918137,0
current,Vehicle.CurrentLocation.Longitude,-80.52508545,0
current,Vehicle.CurrentLocation.Altitude,389,0
current,Vehicle.Speed,35.532,0.994
current,Vehicle.CurrentLocation.Latitude,43.39915466308594,0
current,Vehicle.CurrentLocation.Longitude,-80.52519989,0
current,Vehicle.CurrentLocation.Altitude,389,0
current,Vehicle.Speed,36.936,0.997
current,Vehicle.CurrentLocation.Latitude,43.39912796020508,0
current,Vehicle.CurrentLocation.Longitude,-80.52532196,0
current,Vehicle.CurrentLocation.Altitude,389,0
current,Vehicle.Speed,36.72,1.003
current,Vehicle.CurrentLocation.Latitude,43.39910888671875,0
current,Vehicle.CurrentLocation.Longitude,-80.52544403,0
current,Vehicle.CurrentLocation.Altitude,390,0
current,Vehicle.Speed,35.964,0.996
current,Vehicle.CurrentLocation.Latitude,43.39909362792969,0
current,Vehicle.CurrentLocation.Longitude,-80.5255661,0
current,Vehicle.CurrentLocation.Altitude,390,0
current,Vehicle.Speed,35.064,1.001
current,Vehicle.CurrentLocation.Latitude,43.39908218383789,0
current,Vehicle.CurrentLocation.Longitude,-80.52568054,0
current,Vehicle.CurrentLocation.Altitude,390,0
current,Vehicle.Speed,32.94,1.0
current,Vehicle.CurrentLocation.Latitude,43.399078369140625,0
current,Vehicle.CurrentLocation.Longitude,-80.52578735,0
current,Vehicle.CurrentLocation.Altitude,390,0
current,Vehicle.Speed,29.376,1.005
current,Vehicle.CurrentLocation.Latitude,43.39910125732422,0
current,Vehicle.CurrentLocation.Longitude,-80.52587891,0
current,Vehicle.CurrentLocation.Altitude,390,0
current,Vehicle.Speed,27.252,0.998
current,Vehicle.CurrentLocation.Latitude,43.39914321899414,0
current,Vehicle.CurrentLocation.Longitude,-80.52593994,0
current,Vehicle.CurrentLocation.Altitude,391,0
current,Vehicle.Speed,26.352,1.006
current,Vehicle.CurrentLocation.Latitude,43.399208068847656,0
current,Vehicle.CurrentLocation.Longitude,-80.52597809,0
current,Vehicle.CurrentLocation.Altitude,391,0
current,Vehicle.Speed,28.188,0.997
current,Vehicle.CurrentLocation.Latitude,43.39927673339844,0
current,Vehicle.CurrentLocation.Longitude,-80.52600098,0
current,Vehicle.CurrentLocation.Altitude,391,0
current,Vehicle.Speed,30.24,0.993
current,Vehicle.CurrentLocation.Latitude,43.39935302734375,0
current,Vehicle.CurrentLocation.Longitude,-80.52603149,0
current,Vehicle.CurrentLocation.Altitude,391,0
current,Vehicle.Speed,31.896,1.0
current,Vehicle.CurrentLocation.Latitude,43.39942932128906,0
current,Vehicle.CurrentLocation.Longitude,-80.52604675,0
current,Vehicle.CurrentLocation.Altitude,392,0
current,Vehicle.Speed,31.644,1.004
current,Vehicle.CurrentLocation.Latitude,43.399505615234375,0
current,Vehicle.CurrentLocation.Longitude,-80.52604675,0
current,Vehicle.CurrentLocation.Altitude,391,0
current,Vehicle.Speed,31.392,0.996
current,Vehicle.CurrentLocation.Latitude,43.39958572387695,0
current,Vehicle.CurrentLocation.Longitude,-80.52602386,0
current,Vehicle.CurrentLocation.Altitude,391,0
current,Vehicle.Speed,31.14,1.0
current,Vehicle.CurrentLocation.Latitude,43.39965057373047,0
current,Vehicle.CurrentLocation.Longitude,-80.52597809,0
current,Vehicle.CurrentLocation.Altitude,390,0
current,Vehicle.Speed,30.888,1.0
current,Vehicle.CurrentLocation.Latitude,43.399715423583984,0
current,Vehicle.CurrentLocation.Longitude,-80.52591705,0
current,Vehicle.CurrentLocation.Altitude,390,0
current,Vehicle.Speed,29.952,1.004
current,Vehicle.CurrentLocation.Latitude,43.39978027,0
current,Vehicle.CurrentLocation.Longitude,-80.52587891,0
current,Vehicle.CurrentLocation.Altitude,389,0
current,Vehicle.Speed,27.612,0.998
current,Vehicle.CurrentLocation.Latitude,43.39997100830078,0
current,Vehicle.CurrentLocation.Longitude,-80.52581024,0
current,Vehicle.CurrentLocation.Altitude,389,0
current,Vehicle.Speed,21.276,1.007
current,Vehicle.CurrentLocation.Latitude,43.40002441,0
current,Vehicle.CurrentLocation.Longitude,-80.52585602,0
current,Vehicle.CurrentLocation.Altitude,389,0
current,Vehicle.Speed,26.28,0.997
current,Vehicle.CurrentLocation.Latitude,43.400081634521484,0
current,Vehicle.CurrentLocation.Longitude,-80.52591705,0
current,Vehicle.CurrentLocation.Altitude,389,0
current,Vehicle.Speed,30.924,1.0
current,Vehicle.CurrentLocation.Latitude,43.40015411376953,0
current,Vehicle.CurrentLocation.Longitude,-80.52598572,0
current,Vehicle.CurrentLocation.Altitude,389,0
current,Vehicle.Speed,34.884,1.0
current,Vehicle.CurrentLocation.Latitude,43.400230407714844,0
current,Vehicle.CurrentLocation.Longitude,-80.52604675,0
current,Vehicle.CurrentLocation.Altitude,388,0
current,Vehicle.Speed,37.692,0.997
current,Vehicle.CurrentLocation.Latitude,43.40031814575195,0
current,Vehicle.CurrentLocation.Longitude,-80.52610779,0
current,Vehicle.CurrentLocation.Altitude,388,0
current,Vehicle.Speed,40.392,1.001
current,Vehicle.CurrentLocation.Latitude,43.40041732788086,0
current,Vehicle.CurrentLocation.Longitude,-80.52615356,0
current,Vehicle.CurrentLocation.Altitude,388,0
current,Vehicle.Speed,42.3,1.005
current,Vehicle.CurrentLocation.Latitude,43.40052032470703,0
current,Vehicle.CurrentLocation.Longitude,-80.52619934,0
current,Vehicle.CurrentLocation.Altitude,387,0
current,Vehicle.Speed,43.668,0.994
current,Vehicle.CurrentLocation.Latitude,43.40062332,0
current,Vehicle.CurrentLocation.Longitude,-80.52624512,0
current,Vehicle.CurrentLocation.Altitude,387,0
current,Vehicle.Speed,43.2,1.003
current,Vehicle.CurrentLocation.Latitude,43.40073013305664,0
current,Vehicle.CurrentLocation.Longitude,-80.52627563,0
current,Vehicle.CurrentLocation.Altitude,387,0
current,Vehicle.Speed,42.84,0.997
current,Vehicle.CurrentLocation.Latitude,43.40083694458008,0
current,Vehicle.CurrentLocation.Longitude,-80.52630615,0
current,Vehicle.CurrentLocation.Altitude,386,0
current,Vehicle.Speed,42.804,1.003
current,Vehicle.CurrentLocation.Latitude,43.40093994140625,0
current,Vehicle.CurrentLocation.Longitude,-80.52632904,0
current,Vehicle.CurrentLocation.Altitude,386,0
current,Vehicle.Speed,43.596,0.997
current,Vehicle.CurrentLocation.Latitude,43.40105056762695,0
current,Vehicle.CurrentLocation.Longitude,-80.52635956,0
current,Vehicle.CurrentLocation.Altitude,385,0
current,Vehicle.Speed,44.496,0.999
current,Vehicle.CurrentLocation.Latitude,43.40115737915039,0
current,Vehicle.CurrentLocation.Longitude,-80.52639008,0
current,Vehicle.CurrentLocation.Altitude,385,0
current,Vehicle.Speed,45.108,1.001
current,Vehicle.CurrentLocation.Latitude,43.401268005371094,0
current,Vehicle.CurrentLocation.Longitude,-80.52642822,0
current,Vehicle.CurrentLocation.Altitude,384,0
current,Vehicle.Speed,45.252,0.999
current,Vehicle.CurrentLocation.Latitude,43.40137481689453,0
current,Vehicle.CurrentLocation.Longitude,-80.526474,0
current,Vehicle.CurrentLocation.Altitude,384,0
current,Vehicle.Speed,44.64,1.004
current,Vehicle.CurrentLocation.Latitude,43.40148162841797,0
current,Vehicle.CurrentLocation.Longitude,-80.52651215,0
current,Vehicle.CurrentLocation.Altitude,384,0
current,Vehicle.Speed,44.532,1.003
current,Vehicle.CurrentLocation.Latitude,43.40159225463867,0
current,Vehicle.CurrentLocation.Longitude,-80.52655029,0
current,Vehicle.CurrentLocation.Altitude,383,0
current,Vehicle.Speed,44.64,0.998
current,Vehicle.CurrentLocation.Latitude,43.401695251464844,0
current,Vehicle.CurrentLocation.Longitude,-80.52658081,0
current,Vehicle.CurrentLocation.Altitude,383,0
current,Vehicle.Speed,43.704,0.999
current,Vehicle.CurrentLocation.Latitude,43.40180206298828,0
current,Vehicle.CurrentLocation.Longitude,-80.52661133,0
current,Vehicle.CurrentLocation.Altitude,383,0
current,Vehicle.Speed,43.128,0.997
current,Vehicle.CurrentLocation.Latitude,43.40190887451172,0
current,Vehicle.CurrentLocation.Longitude,-80.52664185,0
current,Vehicle.CurrentLocation.Altitude,383,0
current,Vehicle.Speed,42.948,0.999
current,Vehicle.CurrentLocation.Latitude,43.402008056640625,0
current,Vehicle.CurrentLocation.Longitude,-80.52667236,0
current,Vehicle.CurrentLocation.Altitude,382,0
current,Vehicle.Speed,42.336,1.0
current,Vehicle.CurrentLocation.Latitude,43.40211105,0
current,Vehicle.CurrentLocation.Longitude,-80.52671051,0
current,Vehicle.CurrentLocation.Altitude,382,0
current,Vehicle.Speed,42.48,1.004
current,Vehicle.CurrentLocation.Latitude,43.40221024,0
current,Vehicle.CurrentLocation.Longitude,-80.52674866,0
current,Vehicle.CurrentLocation.Altitude,381,0
current,Vehicle.Speed,41.616,0.997
current,Vehicle.CurrentLocation.Latitude,43.40230941772461,0
current,Vehicle.CurrentLocation.Longitude,-80.5267868,0
current,Vehicle.CurrentLocation.Altitude,381,0
current,Vehicle.Speed,41.184,1.003
current,Vehicle.CurrentLocation.Latitude,43.402408599853516,0
current,Vehicle.CurrentLocation.Longitude,-80.52680969,0
current,Vehicle.CurrentLocation.Altitude,380,0
current,Vehicle.Speed,41.04,0.996
current,Vehicle.CurrentLocation.Latitude,43.40251159667969,0
current,Vehicle.CurrentLocation.Longitude,-80.52681732,0
current,Vehicle.CurrentLocation.Altitude,379,0
current,Vehicle.Speed,41.076,1.007
current,Vehicle.CurrentLocation.Latitude,43.40261459350586,0
current,Vehicle.CurrentLocation.Longitude,-80.5267868,0
current,Vehicle.CurrentLocation.Altitude,379,0
current,Vehicle.Speed,41.076,0.993
current,Vehicle.CurrentLocation.Latitude,43.40270996,0
current,Vehicle.CurrentLocation.Longitude,-80.52674866,0
current,Vehicle.CurrentLocation.Altitude,378,0
current,Vehicle.Speed,41.4,1.0
current,Vehicle.CurrentLocation.Latitude,43.402809143066406,0
current,Vehicle.CurrentLocation.Longitude,-80.52671051,0
current,Vehicle.CurrentLocation.Altitude,377,0
current,Vehicle.Speed,41.256,1.002
current,Vehicle.CurrentLocation.Latitude,43.40290451049805,0
current,Vehicle.CurrentLocation.Longitude,-80.5266571,0
current,Vehicle.CurrentLocation.Altitude,377,0
current,Vehicle.Speed,41.22,1.005
current,Vehicle.CurrentLocation.Latitude,43.40299987792969,0
current,Vehicle.CurrentLocation.Longitude,-80.52659607,0
current,Vehicle.CurrentLocation.Altitude,376,0
current,Vehicle.Speed,41.076,0.997
current,Vehicle.CurrentLocation.Latitude,43.40308380126953,0
current,Vehicle.CurrentLocation.Longitude,-80.5265274,0
current,Vehicle.CurrentLocation.Altitude,376,0
current,Vehicle.Speed,40.32,0.996
current,Vehicle.CurrentLocation.Latitude,43.403167724609375,0
current,Vehicle.CurrentLocation.Longitude,-80.52644348,0
current,Vehicle.CurrentLocation.Altitude,376,0
current,Vehicle.Speed,40.068,1.0
current,Vehicle.CurrentLocation.Latitude,43.40324783325195,0
current,Vehicle.CurrentLocation.Longitude,-80.52635956,0
current,Vehicle.CurrentLocation.Altitude,375,0
current,Vehicle.Speed,40.032,1.0
current,Vehicle.CurrentLocation.Latitude,43.403316497802734,0
current,Vehicle.CurrentLocation.Longitude,-80.52626801,0
current,Vehicle.CurrentLocation.Altitude,375,0
current,Vehicle.Speed,39.852,1.0
current,Vehicle.CurrentLocation.Latitude,43.40338134765625,0
current,Vehicle.CurrentLocation.Longitude,-80.52616119,0
current,Vehicle.CurrentLocation.Altitude,374,0
current,Vehicle.Speed,39.6,1.007
current,Vehicle.CurrentLocation.Latitude,43.40344238,0
current,Vehicle.CurrentLocation.Longitude,-80.52605438,0
current,Vehicle.CurrentLocation.Altitude,374,0
current,Vehicle.Speed,38.484,0.993
current,Vehicle.CurrentLocation.Latitude,43.40349578857422,0
current,Vehicle.CurrentLocation.Longitude,-80.5259552,0
current,Vehicle.CurrentLocation.Altitude,373,0
current,Vehicle.Speed,36.036,1.004
current,Vehicle.CurrentLocation.Latitude,43.40352249145508,0
current,Vehicle.CurrentLocation.Longitude,-80.52583313,0
current,Vehicle.CurrentLocation.Altitude,373,0
current,Vehicle.Speed,34.668,0.996
current,Vehicle.CurrentLocation.Latitude,43.40353775024414,0
current,Vehicle.CurrentLocation.Longitude,-80.52572632,0
current,Vehicle.CurrentLocation.Altitude,373,0
current,Vehicle.Speed,33.12,1.002
current,Vehicle.CurrentLocation.Latitude,43.40354919433594,0
current,Vehicle.CurrentLocation.Longitude,-80.52561951,0
current,Vehicle.CurrentLocation.Altitude,373,0
current,Vehicle.Speed,31.896,1.002
current,Vehicle.CurrentLocation.Latitude,43.40356445,0
current,Vehicle.CurrentLocation.Longitude,-80.5255127,0
current,Vehicle.CurrentLocation.Altitude,372,0
current,Vehicle.Speed,30.636,0.996
current,Vehicle.CurrentLocation.Latitude,43.40357971191406,0
current,Vehicle.CurrentLocation.Longitude,-80.52540588,0
current,Vehicle.CurrentLocation.Altitude,372,0
current,Vehicle.Speed,29.808,1.0
current,Vehicle.CurrentLocation.Latitude,43.403594970703125,0
current,Vehicle.CurrentLocation.Longitude,-80.52531433,0
current,Vehicle.CurrentLocation.Altitude,372,0
current,Vehicle.Speed,27.756,1.0
current,Vehicle.CurrentLocation.Latitude,43.40361022949219,0
current,Vehicle.CurrentLocation.Longitude,-80.52523804,0
current,Vehicle.CurrentLocation.Altitude,372,0
current,Vehicle.Speed,22.428,1.004
current,Vehicle.CurrentLocation.Latitude,43.40362548828125,0
current,Vehicle.CurrentLocation.Longitude,-80.52514648,0
current,Vehicle.CurrentLocation.Altitude,372,0
current,Vehicle.Speed,0.072,0
